Open,Close,High,Low,Date
55.67585,55.3416,55.71405,55.2461,07/28/14
56.15334,55.93369,56.61174,55.52305,07/29/14
55.93369,55.4944,56.20109,55.01213,07/30/14
55.19835,54.18606,55.4562,54.16696,07/31/14
54.05237,54.26246,54.54896,53.74868,08/01/14
54.41526,54.50121,54.69221,53.82794,08/04/14
54.17651,53.48892,54.40571,53.31702,08/05/14
53.36477,53.42207,53.61307,53.21293,08/06/14
53.66082,53.13558,54.01417,53.06873,08/07/14
53.36477,53.98552,54.06039,53.0735,08/08/14
54.14786,54.10012,54.47734,53.91867,08/11/14
54.00462,54.46301,54.55851,53.97597,08/12/14
54.80681,55.27475,55.2843,54.58716,08/13/14
55.4371,56.14379,56.14379,55.38935,08/14/14
56.17244,55.97189,56.34434,55.418,08/15/14
56.14379,55.76657,56.22019,55.7236,08/18/14
56.20109,56.25839,56.29659,55.71405,08/19/14
56.03874,56.80751,56.88868,55.89549,08/20/14
56.78363,56.19154,56.96508,56.14379,08/21/14
56.33479,56.50669,56.68814,56.24884,08/22/14
56.68814,57.06058,57.17518,56.58786,08/25/14
57.05103,57.49988,57.68132,56.98418,08/26/14
57.68132,57.54763,57.84367,57.40438,08/27/14
57.15608,57.32798,57.51898,57.14653,08/28/14
57.49988,57.40438,57.53808,57.13698,08/29/14
57.24203,57.08923,57.3805,56.98418,09/02/14
57.39483,57.75772,58.12062,57.35663,09/03/14
57.84367,57.37573,58.25432,57.22293,09/04/14
57.64312,58.38802,58.41666,57.44258,09/05/14
58.38802,58.30684,58.56946,58.09197,09/08/14
58.16837,57.83412,58.28297,57.74817,09/09/14
57.88187,58.02512,58.13017,57.63357,09/10/14
57.49033,57.40438,57.71952,57.11788,09/11/14
57.22293,56.86958,57.42348,56.59264,09/12/14
56.96508,56.85048,57.28978,56.82183,09/15/14
56.90778,57.29933,57.35185,56.61174,09/16/14
56.85048,57.18473,57.30888,56.62129,09/17/14
57.40438,57.60492,57.62402,57.12743,09/18/14
57.97737,57.78637,58.14927,57.76727,09/19/14
57.54763,57.87232,58.22567,57.54763,09/22/14
57.46168,57.59537,57.99647,57.00328,09/23/14
57.59537,57.64312,57.80547,57.51898,09/24/14
57.56672,56.95553,57.79592,56.94598,09/25/14
56.99373,56.69291,57.09878,55.91459,09/26/14
56.43984,56.74543,57.03193,56.16289,09/29/14
56.86958,56.62129,57.28023,56.58309,09/30/14
56.25839,56.06739,56.54489,55.86684,10/01/14
56.18199,56.19154,56.40164,55.6663,10/02/14
56.63084,57.18473,57.39005,56.51624,10/03/14
57.44258,56.89823,57.5333,56.63093,10/06/14
56.71678,55.82865,56.72633,55.8191,10/07/14
56.22974,57.45213,57.51898,55.93369,10/08/14
57.29933,56.55444,57.78637,56.44939,10/09/14
56.83138,56.02919,57.22293,56.02919,10/10/14
55.90504,53.58442,55.90504,53.46027,10/13/14
54.00462,53.81362,54.37706,53.22153,10/14/14
52.91593,52.26654,53.33612,51.84634,10/15/14
51.5121,51.00595,51.65439,50.12736,10/16/14
51.2829,51.59422,52.17104,51.1301,10/17/14
51.76039,51.61714,51.81769,51.51057,10/20/14
52.08509,52.63898,52.78223,51.87499,10/21/14
52.74403,53.02098,53.34567,52.52438,10/22/14
53.70857,54.05714,54.50121,53.66082,10/23/14
54.24336,55.00735,55.06465,54.08102,10/24/14
54.52031,53.89957,54.66356,53.40297,10/27/14
54.02372,53.33612,54.02372,51.66489,10/28/14
53.49847,53.66082,54.06192,53.12603,10/29/14
53.21198,54.73041,54.80681,53.21198,10/30/14
55.3607,55.3034,55.50395,55.06465,10/31/14
55.3416,56.25839,56.27749,54.97871,11/03/14
56.24884,56.66904,57.01761,56.24884,11/04/14
57.26113,56.86958,57.53808,56.70723,11/05/14
56.94598,56.55444,57.20383,56.52579,11/06/14
56.71678,56.64994,56.93643,56.40164,11/07/14
55.5135,56.14379,56.51624,55.10285,11/10/14
57.07013,56.70723,57.25158,56.54489,11/11/14
56.54489,56.64039,56.86958,56.43602,11/12/14
56.93643,56.86958,57.25158,56.51624,11/13/14
56.89823,56.41119,56.89823,56.12469,11/14/14
56.93643,56.78363,57.20383,56.64994,11/17/14
56.81228,57.21328,57.42348,56.49714,11/18/14
56.94598,56.94598,57.04148,56.47279,11/19/14
56.52579,56.69769,56.72538,56.21542,11/20/14
57.26113,56.95553,57.31843,56.65958,11/21/14
57.11788,56.56399,57.11788,56.33956,11/24/14
56.64994,56.71678,56.96986,56.46849,11/25/14
57.01283,57.05581,57.07968,56.46849,11/26/14
57.07013,57.70997,58.13017,57.08923,11/28/14
57.68132,57.80547,58.55991,57.57627,12/01/14
57.85322,58.05377,58.23522,57.5715,12/02/14
58.02512,57.84367,58.16837,57.59537,12/03/14
57.78637,58.19702,58.61731,57.78637,12/04/14
58.25432,58.70316,58.98966,58.09197,12/05/14
58.41666,59.10426,59.4003,58.23522,12/08/14
57.08923,57.28978,59.4003,56.10559,12/09/14
57.25158,57.28023,57.79592,57.01283,12/10/14
57.07968,56.64994,57.85322,56.52579,12/11/14
56.36344,55.17925,57.85322,55.1124,12/12/14
55.17925,54.36751,55.44655,54.24336,12/15/14
54.33886,54.25291,55.6663,54.22904,12/16/14
54.48211,55.0742,55.19835,54.01417,12/17/14
55.95279,56.31569,56.32524,55.4753,12/18/14
56.35389,56.90301,57.20154,56.35389,12/19/14
56.43984,56.31569,56.85048,55.91459,12/22/14
56.15334,54.65401,56.33479,54.46301,12/23/14
54.67311,54.89276,55.25565,54.67311,12/24/14
55.0551,55.1888,55.3989,55.04555,12/26/14
54.88321,55.1506,55.31295,54.86411,12/29/14
54.98826,55.04555,55.1697,54.72086,12/30/14
54.71131,54.23381,55.2461,54.17651,12/31/14
54.64446,54.61581,55.1888,54.45824,01/02/15
55.56125,55.4371,55.84775,54.98826,01/05/15
55.7045,57.59537,57.76727,55.6854,01/06/15
57.70042,58.82731,58.84641,57.67177,01/07/15
59.25706,60.02105,60.10222,59.06606,01/08/15
59.9733,59.7632,60.28844,59.37165,01/09/15
60.21204,59.50535,60.64179,59.3048,01/12/15
60.11654,59.39075,60.75639,58.95146,01/13/15
58.88461,59.83005,60.07835,58.76046,01/14/15
60.0306,59.09471,60.15474,59.04696,01/15/15
59.09471,60.16429,60.31709,58.76046,01/16/15
59.9542,59.8014,60.44745,59.09948,01/20/15
59.5722,59.3812,59.9542,59.2857,01/21/15
59.4767,59.77275,59.88735,58.76046,01/22/15
59.725,59.67725,60.16334,59.60085,01/23/15
59.46715,60.00195,60.14042,59.3239,01/26/15
59.73455,59.7632,60.18339,59.33345,01/27/15
59.9924,58.68884,60.12686,58.55991,01/28/15
58.65541,59.29525,59.35255,58.02512,01/29/15
58.76046,57.79592,59.14246,57.33753,01/30/15
57.85322,58.14927,58.18747,57.08923,02/02/15
58.19702,58.24477,58.31162,57.24203,02/03/15
57.02238,56.38254,58.31162,55.71405,02/04/15
56.55444,56.50669,56.58309,55.87162,02/05/15
56.43029,56.17244,57.07968,55.94324,02/06/15
56.05784,55.69495,56.34434,55.3225,02/09/15
56.34434,56.18199,56.65949,56.13424,02/10/15
56.14379,56.07694,56.30614,55.79045,02/11/15
56.39209,56.20109,56.44939,55.96234,02/12/15
56.22974,56.15334,56.28704,55.97189,02/13/15
56.09604,56.15334,56.31569,56.05784,02/17/15
56.07694,56.14857,56.22019,55.609,02/18/15
56.20109,55.67585,56.33001,55.2079,02/19/15
55.4944,55.7236,55.84488,55.1315,02/20/15
55.82865,55.67585,56.01009,55.5517,02/23/15
55.6281,55.7427,55.92892,55.4371,02/24/15
55.82865,55.84775,56.31569,55.44904,02/25/15
56.01964,56.30614,56.48759,56.01964,02/26/15
56.26794,55.91459,56.39467,55.85729,02/27/15
55.73315,55.93369,56.23929,55.6663,03/02/15
56.01009,55.70927,56.05784,55.3416,03/03/15
55.7809,55.27475,56.00054,55.08375,03/04/15
55.418,55.36548,55.65197,55.19835,03/05/15
55.2461,54.28634,55.2652,54.16696,03/06/15
54.28156,54.68266,54.78771,53.76587,03/09/15
54.42481,54.07147,54.61581,53.95209,03/10/15
54.80681,53.54622,54.85456,53.45072,03/11/15
53.29792,53.61307,53.6847,53.15468,03/12/15
53.49847,53.67515,53.89002,53.13558,03/13/15
54.14786,54.55851,54.73041,54.08102,03/16/15
54.09057,53.93777,54.16696,53.70857,03/17/15
53.86137,55.0551,55.3607,53.67992,03/18/15
54.84501,55.59945,55.71405,54.46301,03/19/15
55.6472,55.89549,56.21064,55.16015,03/20/15
55.77135,56.08649,56.47804,55.43232,03/23/15
56.72633,55.99099,57.01283,55.87639,03/24/15
56.73588,55.63765,57.02238,55.56125,03/25/15
55.42755,54.9978,55.58035,54.82591,03/26/15
55.227,55.16015,55.60441,55.036,03/27/15
55.6281,55.7236,55.90504,55.5326,03/30/15
55.56125,54.91186,55.67585,54.89276,03/31/15
54.73996,54.30066,54.73996,53.68947,04/01/15
54.43436,54.52986,54.8642,54.29111,04/02/15
54.37706,54.61581,54.75428,54.15741,04/06/15
54.88321,54.85456,55.26998,54.72086,04/07/15
55.40845,54.57283,55.4371,54.45346,04/08/15
54.64446,54.84501,55.13055,54.53941,04/09/15
54.58716,54.68266,55.04555,53.79452,04/10/15
54.51076,54.16696,54.78293,53.95687,04/13/15
54.35796,55.16493,55.3798,54.06192,04/14/15
55.4753,55.79045,56.29181,55.4753,04/15/15
55.72837,55.227,55.7618,55.14105,04/16/15
54.76861,54.32931,54.77816,54.02372,04/17/15
54.89276,55.00735,55.38935,54.80986,04/20/15
55.3225,55.08375,55.418,54.82591,04/21/15
54.96916,55.07898,55.27475,54.74951,04/22/15
54.90231,54.92141,55.24142,54.46779,04/23/15
55.27475,55.01213,55.5708,54.46779,04/24/15
55.227,54.51076,55.418,54.31976,04/27/15
57.50943,57.28978,57.75772,56.56494,04/28/15
56.72633,57.00328,57.70997,56.57354,04/29/15
57.07013,56.88868,57.43303,56.57354,04/30/15
57.07013,57.17518,57.66222,56.99373,05/01/15
57.40438,57.92007,58.20657,57.34708,05/04/15
57.60492,57.77682,57.96782,57.35663,05/05/15
57.74817,57.55717,57.84367,57.23248,05/06/15
57.36618,57.59537,57.99647,57.27068,05/07/15
58.17792,57.96782,58.61244,57.96782,05/08/15
57.92962,57.29933,57.95827,57.14175,05/11/15
56.93643,56.75498,57.03671,56.44948,05/12/15
56.89823,56.51624,57.1513,56.31569,05/13/15
56.79318,57.07013,57.18473,56.38731,05/14/15
57.25158,57.51898,57.51898,57.1322,05/15/15
57.46168,57.31843,57.72907,57.31843,05/18/15
57.29933,57.80547,58.17792,57.24203,05/19/15
57.93917,57.72907,58.17792,57.24203,05/20/15
57.77682,57.42348,58.04422,57.38528,05/21/15
57.35663,56.71678,57.36618,56.66904,05/22/15
56.62129,56.32524,56.76453,56.20109,05/26/15
56.41119,56.78363,57.08923,56.22754,05/27/15
56.77408,57.02238,57.15608,56.70723,05/28/15
57.09878,58.15882,58.36892,56.79318,05/29/15
58.12062,58.02512,58.92281,57.62402,06/01/15
57.72907,57.51898,57.73385,57.12743,06/02/15
57.92962,57.67177,58.13972,57.54763,06/03/15
57.37573,56.83138,57.49988,56.60219,06/04/15
56.64039,56.33479,56.73588,56.15334,06/05/15
56.22974,56.21064,56.50669,56.11514,06/08/15
56.30614,56.17244,56.61651,56.07217,06/09/15
56.36344,56.89823,56.96986,56.25839,06/10/15
56.66904,56.27749,56.69769,56.19154,06/11/15
56.14379,55.25565,56.14857,55.1888,06/12/15
55.00735,54.54896,55.04555,54.46301,06/15/15
54.66356,55.1124,55.1315,54.31976,06/16/15
55.0933,55.31295,55.5517,54.89753,06/17/15
55.42755,55.94324,56.22019,55.31295,06/18/15
55.8,55.40845,56.19154,55.3416,06/19/15
56.08649,56.20109,56.53534,55.8,06/22/15
56.23929,56.38254,56.39209,55.88594,06/23/15
56.27749,55.6281,56.35389,55.61855,06/24/15
55.7236,55.3034,55.95279,55.11718,06/25/15
55.56125,55.86684,55.89549,55.25565,06/26/15
55.3225,54.71131,55.59945,54.67311,06/29/15
54.9978,54.34841,54.9978,54.15264,06/30/15
54.39616,55.036,55.2652,54.08102,07/01/15
55.35115,55.10285,55.7045,54.91186,07/02/15
54.59671,54.95006,55.23655,54.13832,07/06/15
55.19835,55.3989,55.4753,54.60168,07/07/15
54.91186,54.76861,55.08375,54.62536,07/08/15
55.44665,54.77816,55.5517,54.76861,07/09/15
55.4944,55.35115,55.6281,54.98826,07/10/15
55.63765,55.27475,55.91459,55.08375,07/13/15
55.29385,55.56125,55.65675,55.1124,07/14/15
55.54215,55.61855,55.92414,55.46575,07/15/15
55.96234,56.18677,56.21542,55.7236,07/16/15
56.05784,56.17244,56.26794,55.95279,07/17/15
56.22019,56.33479,56.52579,56.22019,07/20/15
56.28704,56.03874,56.36344,56.01009,07/21/15
55.85729,55.4944,56.27749,55.40368,07/22/15
55.88594,55.4562,55.88594,55.33683,07/23/15
55.036,54.84501,55.27475,54.73996,07/24/15
54.82591,54.42481,54.84501,54.08102,07/27/15
53.96642,54.92141,55.04555,53.31702,07/28/15
55.0933,55.90504,56.17244,55.04555,07/29/15
55.95279,55.89549,56.17244,55.6663,07/30/15
56.34434,56.33479,56.64994,56.05784,07/31/15
56.60219,56.38254,56.76453,55.84775,08/03/15
56.63084,56.05784,56.78363,55.73935,08/04/15
56.43984,56.45894,56.60696,56.11992,08/05/15
56.49714,55.80955,56.57917,55.69495,08/06/15
55.7045,55.3607,55.819,55.0742,08/07/15
55.67585,55.77135,55.96712,55.63765,08/10/15
55.3225,55.17925,55.5708,54.97393,08/11/15
54.69221,55.65675,55.65675,54.54896,08/12/15
55.91459,56.34434,56.77408,55.86684,08/13/15
56.39209,56.53534,56.88868,56.22497,08/14/15
56.26794,57.04148,57.06058,55.94324,08/17/15
57.01283,56.95553,57.2468,56.87913,08/18/15
56.71678,56.97463,57.36618,56.52579,08/19/15
55.7427,54.39616,55.90027,54.18606,08/20/15
54.04282,53.29792,55.03123,53.25018,08/21/15
50.68126,51.57895,52.64853,43.83399,08/24/15
52.89683,48.91453,52.89683,48.72353,08/25/15
50.9773,51.98004,52.15194,50.12736,08/26/15
52.79178,52.46708,52.85863,51.23515,08/27/15
52.30474,52.85863,52.91593,52.13675,08/28/15
52.71538,51.4166,52.80897,51.2065,08/31/15
50.08916,50.17511,50.83405,49.85997,09/01/15
50.77675,50.61441,50.87225,49.99366,09/02/15
50.87225,50.27061,51.13488,50.23241,09/03/15
49.65942,49.26787,51.13488,48.87633,09/04/15
50.62396,50.28016,50.62396,49.84564,09/08/15
50.83405,49.59257,50.9009,49.47797,09/09/15
49.67852,50.33746,50.8054,49.52572,09/10/15
49.68807,49.73582,50.08916,49.38247,09/11/15
49.69762,49.99366,50.35656,49.64987,09/14/15
50.42341,51.1492,51.45957,50.29926,09/15/15
51.1683,51.4166,51.53597,50.9201,09/16/15
51.46435,51.54075,52.04689,50.63351,09/17/15
51.3593,49.72627,51.44525,49.59257,09/18/15
49.92681,48.66623,49.93636,48.40848,09/21/15
48.27468,48.45613,48.70443,47.99774,09/22/15
48.46568,48.73785,49.12462,48.12189,09/23/15
48.28423,48.31288,48.57073,47.96231,09/24/15
48.77128,47.37699,49.01003,46.9186,09/25/15
47.04275,46.25966,47.1478,45.92541,09/28/15
46.25011,46.45066,47.08095,46.02569,09/29/15
47.17645,47.13825,47.3006,46.64643,09/30/15
47.11915,47.2815,47.32924,46.35516,10/01/15
46.7085,47.89269,47.89269,46.17371,10/02/15
48.83813,48.90975,49.01003,48.40838,10/05/15
48.88588,47.53934,48.92513,47.101,10/06/15
48.18873,48.62803,48.80948,47.52979,10/07/15
48.41793,48.73308,48.88588,47.88314,10/08/15
48.74263,48.65668,49.19147,48.40838,10/09/15
47.45339,48.42748,48.56118,47.45339,10/12/15
48.49433,47.2242,48.61848,47.13825,10/13/15
47.35789,47.31015,47.85449,47.2242,10/14/15
47.43429,48.43703,48.78083,47.0332,10/15/15
48.99093,49.16282,49.39202,48.78178,10/16/15
49.01958,49.10552,49.22662,48.64235,10/19/15
48.96228,48.15054,49.15289,47.84494,10/20/15
48.51343,48.31288,48.68533,47.89746,10/21/15
48.53253,49.71672,50.19421,48.04549,10/22/15
50.01276,50.50936,50.85315,49.80267,10/23/15
50.26106,50.50936,50.77675,50.11151,10/26/15
51.13965,51.0728,51.66489,50.41386,10/27/15
51.55985,52.61988,52.65808,51.13965,10/28/15
52.19969,52.39069,53.13558,52.01824,10/29/15
52.32384,52.20924,52.77746,52.20924,10/30/15
52.22834,52.67718,52.83476,51.96094,11/02/15
52.62943,52.62943,52.88728,52.02301,11/03/15
52.97323,53.04963,53.25495,52.70583,11/04/15
53.01143,52.57213,53.17721,52.21879,11/05/15
52.32384,52.13284,52.40979,51.58849,11/06/15
51.70309,51.79859,51.96094,51.32148,11/09/15
51.89409,51.99914,52.14239,51.58849,11/10/15
52.34294,51.302,52.52438,51.2638,11/11/15
51.17785,50.65261,51.54084,50.64306,11/12/15
51.0537,50.64306,51.2829,50.51891,11/13/15
49.78357,51.2829,51.38795,49.78357,11/16/15
51.29245,51.2829,51.85589,50.89135,11/17/15
51.60759,51.76994,51.86544,51.2829,11/18/15
51.95139,51.83679,52.07449,51.49443,11/19/15
52.15194,51.66489,52.39069,51.5694,11/20/15
51.71264,51.59804,51.76144,51.3593,11/23/15
51.1492,51.06325,51.25597,50.71583,11/24/15
51.21605,51.30677,51.493,51.0537,11/25/15
51.40705,51.5312,51.76039,51.33065,11/27/15
51.69354,50.68126,51.67444,50.62396,11/30/15
51.34975,52.10896,52.18059,51.0346,12/01/15
52.19969,51.40227,52.51483,51.33065,12/02/15
51.62669,50.23241,51.65534,49.88861,12/03/15
50.51891,51.1874,51.65534,49.88861,12/04/15
51.62669,51.2638,51.77949,50.78153,12/07/15
51.54075,51.08235,51.95139,50.8245,12/08/15
50.83405,50.44776,51.95139,50.16079,12/09/15
50.64306,51.2829,51.5503,50.44251,12/10/15
50.61441,49.79312,50.81495,49.67852,12/11/15
49.84087,49.88861,50.00321,49.32517,12/14/15
50.11781,50.52846,50.79585,49.87907,12/15/15
50.9582,51.58849,51.67874,50.61441,12/16/15
51.62669,50.30881,51.80814,50.28971,12/17/15
49.91726,49.31562,49.96501,49.28697,12/18/15
49.59257,49.55437,49.72627,48.89543,12/21/15
49.66897,49.76447,49.87907,48.97183,12/22/15
49.99366,50.59531,50.8245,50.00321,12/23/15
50.46161,50.46161,50.73855,50.24196,12/24/15
50.33268,50.47116,50.65261,50.19899,12/28/15
50.59531,50.9391,51.1874,50.52846,12/29/15
50.94865,50.85315,51.16391,50.69081,12/30/15
50.42341,50.44251,50.88734,50.28971,12/31/15
49.66897,50.12736,50.24196,49.29652,01/04/16
50.41386,50.7672,51.06182,50.30881,01/05/16
50.03186,50.07006,50.56666,49.85997,01/06/16
49.29652,49.60212,49.96024,49.12462,01/07/16
49.96501,48.77605,50.15601,48.57073,01/08/16
48.97183,48.94318,49.21057,48.34153,01/11/16
49.21057,49.43012,49.72627,48.34153,01/12/16
49.63077,48.37973,49.71672,48.30658,01/13/16
48.37973,49.46842,49.76447,48.31288,01/14/16
48.03594,48.80948,48.99093,47.84494,01/15/16
49.27742,49.01958,49.56392,48.52776,01/19/16
48.06459,48.27468,48.72353,47.08095,01/20/16
48.37973,48.61752,49.01003,47.83844,01/21/16
48.99093,49.03867,49.41112,48.65668,01/22/16
49.30607,48.62803,49.12462,48.47619,01/25/16
48.90498,49.15327,49.27742,48.48478,01/26/16
48.51343,48.10279,49.23922,47.59664,01/27/16
48.22693,46.9759,48.26513,46.77535,01/28/16
47.53934,48.21738,48.30333,47.35789,01/29/16
48.12666,48.45613,48.68533,47.59664,02/01/16
47.91179,48.12189,48.23648,47.65872,02/02/16
47.37699,47.78774,47.84971,46.39336,02/03/16
47.40564,46.38381,47.50114,45.89676,02/04/16
46.42201,47.15735,47.48204,46.10686,02/05/16
46.7276,46.64165,47.10005,45.81081,02/08/16
46.4984,46.98545,47.33879,46.31696,02/09/16
47.32924,47.31015,48.14099,47.2624,02/10/16
46.5366,46.613,47.1669,46.32651,02/11/16
46.79445,46.81355,46.8995,46.10686,02/12/16
47.25762,47.52024,47.73512,47.02365,02/16/16
47.77809,48.31279,48.37018,47.71812,02/17/16
48.31288,48.03116,48.6901,47.98341,02/18/16
47.91179,47.86404,48.13144,47.62529,02/19/16
48.01684,48.45613,48.49433,47.87187,02/22/16
48.27468,48.26513,48.64255,48.16009,02/23/16
47.87359,48.27946,48.34144,47.39609,02/24/16
48.40838,48.6987,48.70443,48.12189,02/25/16
48.75218,48.35108,48.82858,48.35108,02/26/16
48.23648,47.94999,48.54208,47.89269,02/29/16
48.21738,49.42067,49.60212,47.83548,03/01/16
49.30607,49.91726,50.07484,49.20102,03/02/16
49.83132,49.76924,49.96501,48.84768,03/03/16
49.58302,49.72627,49.93636,49.18192,03/04/16
49.54482,50.24196,50.54765,49.42067,03/07/16
50.00321,50.08439,50.54756,49.93159,03/08/16
50.29926,50.00321,50.50936,49.75492,03/09/16
50.24196,50.66216,50.8436,50.07006,03/10/16
50.65261,50.79585,51.0537,50.40431,03/11/16
50.79585,50.68126,50.92,50.45683,03/14/16
50.15601,50.06051,50.27061,49.62122,03/15/16
49.95546,49.61167,49.95546,49.23445,03/16/16
49.57347,49.21535,49.62122,49.01958,03/17/16
49.27742,49.90771,50.05574,49.26787,03/18/16
49.97456,50.43296,50.45206,49.75014,03/21/16
50.31836,50.65261,51.0537,50.17989,03/22/16
51.0155,50.6909,51.1301,50.47116,03/23/16
50.38521,50.68126,50.94865,50.22286,03/24/16
50.77675,50.46638,50.88658,50.27539,03/28/16
50.49981,50.92955,51.00595,50.20978,03/29/16
51.0728,50.81495,51.13965,50.71468,03/30/16
50.71946,50.53801,51.0728,50.38521,03/31/16
50.14646,51.29245,51.36885,50.07961,04/01/16
51.4357,51.96094,52.17104,51.33065,04/04/16
51.63624,51.80814,52.25699,51.55985,04/05/16
51.90364,53.12603,53.27883,51.81769,04/06/16
53.05918,52.93503,53.25973,52.57213,04/07/16
53.26928,52.86818,53.38865,52.61988,04/08/16
52.93503,52.59133,53.23108,52.50528,04/11/16
52.53393,52.85863,53.24063,52.46708,04/12/16
52.94458,53.45072,53.46982,52.77746,04/13/16
53.46982,53.89957,54.05237,53.42207,04/14/16
53.98552,53.60352,54.00462,53.36477,04/15/16
53.49847,53.96642,54.26724,53.40297,04/18/16
54.22426,54.31021,54.79726,54.08102,04/19/16
54.52031,54.0326,54.81636,53.89957,04/20/16
54.01417,54.04282,54.46301,53.77542,04/21/16
54.26246,54.18606,54.46301,53.96642,04/22/16
54.08102,53.69902,54.08102,53.47937,04/25/16
53.80407,53.50802,54.07147,53.35522,04/26/16
53.55577,53.78497,54.07147,53.53667,04/27/16
53.52712,53.24063,53.69902,53.04485,04/28/16
53.13558,52.37159,53.13558,52.10419,04/29/16
52.37159,52.8147,52.86818,52.23798,05/02/16
52.70583,52.61033,52.95413,52.38114,05/03/16
52.24744,52.33339,52.5516,52.01461,05/04/16
51.95139,51.65534,52.5516,50.94865,05/05/16
51.4166,51.1874,51.54075,50.67171,05/06/16
51.15875,51.68399,51.88445,51.10145,05/09/16
51.98004,52.19969,52.26654,51.94184,05/10/16
52.21879,51.86544,52.32384,51.81769,05/11/16
52.11374,51.69354,52.16149,51.50255,05/12/16
51.68399,51.44525,52.05644,51.40705,05/13/16
51.34975,52.18059,52.30474,51.17785,05/16/16
51.88454,51.86544,52.11374,51.5503,05/17/16
51.92274,52.18059,52.47663,51.73174,05/18/16
51.81769,52.11785,52.49573,51.64579,05/19/16
52.36204,52.61988,53.03292,52.17104,05/20/16
52.57213,52.45859,52.74403,52.31429,05/23/16
52.79178,53.10693,53.36955,52.71538,05/24/16
53.46027,54.00462,54.11922,53.25973,05/25/16
53.92822,53.84227,54.16219,53.80407,05/26/16
53.86137,53.91867,54.27679,53.69902,05/27/16
53.99507,53.71812,54.15741,53.551,05/31/16
53.67037,53.80407,53.97597,53.43162,06/01/16
53.89957,54.25291,54.30066,53.82317,06/02/16
54.33886,54.08102,54.34841,53.74677,06/03/16
54.15741,54.59671,54.78771,54.10012,06/06/16
54.61581,54.43914,54.85456,54.36751,06/07/16
54.44391,55.03591,55.2652,54.44391,06/08/16
54.68266,54.61581,55.21745,54.37706,06/09/16
54.18606,54.25291,54.51076,54.02372,06/10/16
53.67992,53.57965,54.12877,53.56532,06/13/16
53.22153,53.70857,53.77542,53.11648,06/14/16
53.83272,53.58442,53.97119,53.43162,06/15/16
54.42481,54.91186,55.0742,53.60352,06/16/16
54.74951,53.35522,54.77816,53.19288,06/17/16
53.84227,53.6274,54.05237,53.59397,06/20/16
53.94732,53.72289,54.11922,53.70857,06/21/16
53.70857,54.47266,54.69221,53.57487,06/22/16
54.90231,55.0551,55.08375,53.57487,06/23/16
53.35522,53.38387,54.50121,53.25973,06/24/16
53.10693,52.82998,53.17397,52.61988,06/27/16
52.94458,53.08305,53.16423,52.62943,06/28/16
53.64172,54.45346,54.56806,53.46027,06/29/16
54.50121,55.02645,55.08375,54.34841,06/30/16
54.95006,55.3225,55.38935,54.83555,07/01/16
55.21745,55.38009,55.5517,55.21745,07/05/16
55.56125,56.49714,56.60219,55.4562,07/06/16
56.35389,56.13424,56.35389,55.6663,07/07/16
56.38254,56.65949,56.88868,56.16289,07/08/16
56.58309,56.65949,57.06058,56.53534,07/11/16
56.60219,56.93166,57.09878,56.41596,07/12/16
57.13698,56.86003,57.25158,56.80283,07/13/16
57.18473,56.93643,57.23248,56.80273,07/14/16
57.11788,56.93643,57.23248,56.58309,07/15/16
56.34434,56.35389,56.81228,56.07312,07/18/16
56.48759,56.01964,56.81228,55.92414,07/19/16
56.35389,56.13902,56.45798,56.11514,07/20/16
56.35389,56.13424,56.44461,55.92414,07/21/16
56.33479,56.17244,56.42074,55.91459,07/22/16
56.18199,55.91459,56.22974,55.37025,07/25/16
56.06739,55.72837,56.16299,55.51827,07/26/16
55.7618,55.97189,56.07694,55.3225,07/27/16
55.86684,55.7809,55.94324,55.49067,07/28/16
56.35389,56.00532,56.53534,55.65073,07/29/16
56.22019,56.01009,56.34434,55.87639,08/01/16
56.01964,55.71405,56.08649,55.6281,08/02/16
55.50395,55.02645,55.67585,54.60626,08/03/16
55.3798,55.2461,55.609,55.14105,08/04/16
59.75365,61.07153,61.11928,58.00602,08/05/16
59.88735,60.0879,60.17384,59.16156,08/08/16
60.0115,59.69635,60.29799,59.61995,08/09/16
59.29525,59.8396,60.25979,59.29525,08/10/16
59.81095,60.75639,60.86144,59.6677,08/11/16
60.28844,60.49854,60.59404,60.09745,08/12/16
60.50809,60.44602,60.88054,60.36484,08/15/16
60.15474,60.22159,60.46989,60.02105,08/16/16
60.31709,60.43647,60.57494,59.7823,08/17/16
60.25979,60.75639,60.77549,60.24069,08/18/16
60.48422,60.49854,60.57494,60.04015,08/19/16
60.44124,60.68954,60.77549,60.24069,08/22/16
60.96648,60.72774,60.99513,60.51764,08/23/16
60.73729,59.93481,60.90919,59.69635,08/24/16
59.9733,59.54355,60.25979,59.46715,08/25/16
59.6104,60.0306,60.14997,59.3812,08/26/16
60.107,60.17862,60.44124,59.8205,08/29/16
60.15474,59.88735,60.19294,59.69157,08/30/16
59.8778,59.96375,60.26934,59.6104,08/31/16
59.8396,60.0688,60.14519,59.58175,09/01/16
60.05925,60.15474,60.42214,59.8396,09/02/16
60.107,60.38394,60.61314,59.94465,09/06/16
60.43169,60.04015,60.63224,59.77752,09/07/16
59.83005,60.38394,60.44124,59.52445,09/08/16
59.83005,59.6868,59.88735,59.5149,09/09/16
59.22841,60.34574,60.63224,59.12336,09/12/16
59.46715,59.00876,59.9542,58.60766,09/13/16
59.13291,58.58856,59.52455,58.54081,09/14/16
58.43576,59.5722,59.78707,58.36892,09/15/16
59.63905,59.46715,59.8014,59.2666,09/16/16
59.44805,58.58856,59.67725,58.55514,09/19/16
59.14246,59.16156,59.60085,58.91517,09/20/16
59.29525,59.8778,59.9924,59.07561,09/21/16
60.11654,60.15474,60.61314,60.02105,09/22/16
60.0497,60.12609,60.39349,59.88257,09/23/16
59.725,59.35255,59.7631,59.09948,09/26/16
59.4958,59.7632,59.86825,59.05651,09/27/16
60.14519,60.44602,60.62269,59.05651,09/28/16
60.18339,59.13291,60.18339,58.78911,09/29/16
59.13291,59.59608,59.90167,59.10426,09/30/16
59.4385,59.69635,59.75365,58.89416,10/03/16
59.67725,59.6486,60.11654,59.15201,10/04/16
59.94465,59.96375,60.19772,59.8205,10/05/16
59.6486,59.8396,59.86825,58.96101,10/06/16
60.0115,59.9351,60.14519,59.23796,10/07/16
61.36758,61.02856,61.9358,60.58688,10/10/16
60.79459,59.15201,60.68954,58.97056,10/11/16
59.35255,58.89416,59.8014,58.80821,10/12/16
59.42895,59.7059,60.11654,59.15201,10/13/16
59.9542,59.35255,60.0306,59.33345,10/14/16
59.14246,58.75091,59.20931,58.06332,10/17/16
59.17111,59.30003,59.8014,59.04696,10/18/16
59.24751,59.07561,59.49103,59.03082,10/19/16
59.12336,59.12336,59.46238,58.91326,10/20/16
59.01831,58.45486,59.01831,58.28297,10/21/16
58.65541,58.00822,58.71271,57.90575,10/24/16
57.51898,59.16156,59.39075,56.86958,10/25/16
58.96101,58.12539,59.01497,57.82457,10/26/16
58.40712,58.55036,59.26183,57.82457,10/27/16
58.30207,56.19145,58.32117,55.8191,10/28/16
56.43984,56.08649,56.48759,55.7384,10/31/16
56.17244,56.63084,56.90301,55.87639,11/01/16
56.44939,56.20109,56.82661,56.10559,11/02/16
56.54489,55.8,56.55444,55.6663,11/03/16
56.01964,56.18199,56.59741,55.97189,11/04/16
56.86958,57.34631,57.49988,56.82183,11/07/16
57.12743,57.80547,58.03467,56.84093,11/08/16
61.01423,61.30073,62.07427,59.94465,11/09/16
61.64453,62.04562,62.51357,61.61588,11/10/16
61.19568,61.01423,61.60633,60.71819,11/11/16
61.11928,60.67044,61.20523,60.39349,11/14/16
60.81369,60.78504,61.20523,60.24069,11/15/16
60.83279,59.81095,61.07153,59.63905,11/16/16
59.7632,59.8778,59.96375,59.31913,11/17/16
59.75365,59.10426,59.79185,58.95146,11/18/16
59.18066,59.5149,59.54355,58.94191,11/21/16
59.6868,58.92281,59.83005,58.45009,11/22/16
57.64312,58.84641,58.92281,57.16563,11/23/16
59.05651,59.3621,59.5913,58.97056,11/25/16
59.08516,59.01831,59.2666,58.84641,11/28/16
59.20931,59.4003,59.6486,59.12813,11/29/16
59.4385,58.50261,59.5149,58.24477,11/30/16
58.54081,58.02989,58.60766,57.92867,12/01/16
58.31162,58.44531,58.74728,57.8962,12/02/16
58.77956,57.54763,58.75091,57.14653,12/05/16
57.47123,57.56672,57.66824,56.92688,12/06/16
57.03193,57.31843,57.34708,55.98144,12/07/16
57.08923,57.41393,57.63835,56.83138,12/08/16
57.76727,58.44608,58.73659,57.71952,12/09/16
58.54081,58.94191,59.3048,58.54081,12/12/16
58.98966,58.99921,59.12336,58.49411,12/13/16
59.10426,59.02786,59.9351,58.82731,12/14/16
59.20931,59.56265,59.81095,59.05651,12/15/16
59.8396,59.62473,60.19294,59.25706,12/16/16
59.00876,58.38324,59.45636,58.13017,12/19/16
58.34027,57.77205,58.90371,57.65267,12/20/16
57.80547,56.74467,58.06809,56.66904,12/21/16
56.94598,56.89346,57.29933,56.49714,12/22/16
57.04148,56.87913,57.16563,56.58309,12/23/16
57.17518,57.09878,57.42348,56.88868,12/27/16
57.03193,56.59264,57.16563,56.54966,12/28/16
56.61174,56.40164,56.89823,56.32524,12/29/16
56.13424,56.22019,56.29659,55.92892,12/30/16
56.55444,57.41393,57.66222,56.52579,01/03/17
57.77682,57.41393,58.05377,57.33753,01/04/17
57.49988,57.39483,57.84367,57.29933,01/05/17
57.40438,57.57627,57.73862,56.85048,01/06/17
57.55717,58.35937,58.70794,57.37783,01/09/17
58.42621,57.20383,58.46441,57.19428,01/10/17
59.50535,58.85596,60.31709,58.01557,01/11/17
59.71545,59.40985,60.39349,59.3239,01/12/17
59.60085,59.5149,59.8587,59.3048,01/13/17
59.13291,58.70316,59.26995,58.44531,01/17/17
58.61721,58.40712,58.99921,58.33072,01/18/17
58.29252,57.61447,58.33072,57.36618,01/19/17
59.52445,59.71545,60.0879,59.35255,01/20/17
58.98011,59.03741,59.5913,58.90371,01/23/17
58.81776,58.47396,58.91326,58.00019,01/24/17
58.60766,58.33072,58.61721,58.02512,01/25/17
58.28297,58.43576,58.59334,57.81502,01/26/17
58.61721,58.96101,59.19976,58.54081,01/27/17
58.84641,58.65541,58.92281,58.18747,01/30/17
58.30207,59.18066,59.4385,58.17792,01/31/17
59.2666,59.3048,59.46715,58.78911,02/01/17
59.75365,61.28163,61.31983,59.71545,02/02/17
60.97603,61.36758,61.43443,60.42214,02/03/17
61.02378,62.0122,62.02175,61.02378,02/06/17
61.84507,61.30551,62.00742,61.16703,02/07/17
61.02378,61.42488,61.57768,60.99513,02/08/17
61.49173,61.48695,61.90237,61.401,02/09/17
61.45353,61.28163,61.66363,61.08108,02/10/17
61.32938,61.84985,61.91192,61.32938,02/13/17
61.73048,62.70456,62.76186,61.52993,02/14/17
62.00742,62.22707,62.90511,61.93102,02/15/17
62.16022,62.31302,62.46582,61.55858,02/16/17
62.15067,62.44672,62.60907,61.94057,02/17/17
62.14112,62.53257,62.80961,62.0928,02/21/17
62.54222,62.33212,62.79051,62.16022,02/22/17
62.59952,62.88601,63.13431,62.40374,02/23/17
62.74276,63.15341,63.16296,62.67591,02/24/17
62.81916,62.88592,62.97196,62.60907,02/27/17
62.81916,62.91466,63.17251,62.69501,02/28/17
63.21071,63.22981,63.78848,62.93376,03/01/17
63.39216,63.10088,63.58315,63.02926,03/02/17
62.88601,63.5545,63.62135,62.85736,03/03/17
63.11521,63.48288,63.76928,62.93376,03/06/17
62.49447,62.97196,63.31576,62.25572,03/07/17
62.93376,62.83826,63.14386,62.33212,03/08/17
63.00061,62.93376,63.05791,62.56609,03/09/17
63.09611,62.65204,63.2173,62.55177,03/10/17
62.32257,61.24343,62.34167,61.12883,03/13/17
61.13838,61.30073,61.60633,61.16703,03/14/17
61.51083,61.80688,62.04562,61.32938,03/15/17
61.76868,61.31506,61.79723,61.10973,03/16/17
61.35803,61.01901,61.78329,61.01423,03/17/17
61.25298,61.17658,61.40578,61.11928,03/20/17
61.57768,61.02378,61.69705,60.75639,03/21/17
61.14793,60.64179,61.20523,60.40304,03/22/17
60.47467,60.43169,60.92829,60.34574,03/23/17
60.30754,60.34574,60.66089,60.0306,03/24/17
60.13564,60.36484,60.55574,59.98285,03/27/17
60.30754,60.47944,60.54629,60.0688,03/28/17
60.83279,60.76116,61.21488,60.60359,03/29/17
60.63224,60.61314,60.81369,60.46989,03/30/17
60.50809,60.67521,60.76584,60.40304,03/31/17
60.55584,60.62746,60.84234,60.37439,04/03/17
60.59404,60.78504,60.89486,60.51764,04/04/17
60.86144,60.68954,61.26253,60.65134,04/05/17
60.62269,60.39349,61.09063,60.34574,04/06/17
60.39349,60.27889,60.48106,60.11177,04/07/17
60.40304,59.73932,60.47944,59.71545,04/10/17
59.67725,59.77275,59.93032,59.3812,04/11/17
59.56265,60.19294,60.36484,59.4767,04/12/17
59.9542,59.8014,60.16429,59.74887,04/13/17
59.9351,59.98285,60.00672,59.58175,04/17/17
59.58175,59.47193,59.6486,59.19976,04/18/17
59.4385,59.8014,59.8205,59.20931,04/19/17
59.8396,59.73932,59.92077,59.44805,04/20/17
59.5531,59.08516,59.81095,59.08516,04/21/17
59.6486,59.3239,59.7059,59.22841,04/24/17
59.6677,59.50535,60.09745,59.44805,04/25/17
59.65815,59.8969,60.0497,59.6295,04/26/17
59.9542,59.75365,60.07835,59.63905,04/27/17
59.69635,59.5149,59.83005,59.343,04/28/17
59.31435,59.56743,59.68203,59.3048,05/01/17
59.69635,59.8778,60.39349,59.50535,05/02/17
59.6677,60.74684,60.80404,59.5722,05/03/17
60.85189,60.51764,61.01423,60.37439,05/04/17
60.64179,61.08586,61.20428,60.57494,05/05/17
61.04288,61.11928,61.60633,60.95694,05/08/17
61.25298,60.44124,61.37236,60.31709,05/09/17
60.34574,61.05243,61.06676,60.25024,05/10/17
61.88327,61.52993,62.31302,61.41055,05/11/17
61.63498,60.68954,61.75913,60.42214,05/12/17
60.61314,60.65611,60.73729,60.48899,05/15/17
60.57494,60.90919,60.99513,60.29799,05/16/17
60.52719,60.20249,60.70864,60.0497,05/17/17
60.12609,61.00946,61.59678,60.07835,05/18/17
61.10018,60.89964,61.15748,60.64179,05/19/17
60.83279,61.16703,61.53948,60.72774,05/22/17
61.13838,61.6493,61.68273,61.11928,05/23/17
61.85462,61.99778,62.25572,61.63498,05/24/17
62.03607,62.10292,62.18887,61.74967,05/25/17
62.05517,61.96922,62.26527,61.90237,05/26/17
61.81643,61.95012,62.20797,61.62543,05/30/17
62.16022,62.17932,62.53267,62.10292,05/31/17
62.16977,62.31302,62.32257,61.94057,06/01/17
62.54222,62.47537,62.60907,62.24617,06/02/17
62.43717,62.15058,62.44662,61.78778,06/05/17
62.09337,61.7639,62.11247,61.55858,06/06/17
61.71138,61.17658,61.74003,61.11451,06/07/17
61.31983,60.38872,61.35803,60.00672,06/08/17
60.37439,61.4965,61.53948,60.3084,06/09/17
61.65408,61.51083,61.7682,61.31028,06/12/17
61.00468,60.43169,60.96648,60.20249,06/13/17
60.33619,60.50809,60.77071,60.21204,06/14/17
60.45079,60.33619,60.57494,60.04492,06/15/17
60.47944,60.14519,60.84186,59.8778,06/16/17
60.25024,60.80891,60.93784,60.19294,06/19/17
60.81369,61.63498,62.03607,60.71819,06/20/17
61.68273,62.52312,62.64727,61.65408,06/21/17
62.63772,63.04836,63.38261,62.45627,06/22/17
63.06746,63.17728,63.40075,62.87646,06/23/17
63.18206,62.94331,63.41126,62.86691,06/26/17
63.01971,62.60429,63.162,62.59952,06/27/17
62.84781,62.2414,62.91466,62.20797,06/28/17
62.07427,61.4392,62.15067,61.20523,06/29/17
61.56813,61.21478,61.81643,61.11928,06/30/17
60.97603,61.35803,61.71138,60.97603,07/03/17
61.56813,61.25298,61.87372,61.04288,07/05/17
60.89964,60.27889,61.03333,60.15474,07/06/17
60.35529,60.33619,60.48422,59.98285,07/07/17
60.44124,60.02105,60.53674,59.79185,07/10/17
59.9924,59.534,60.14233,59.4385,07/11/17
59.8396,59.9542,60.27889,59.8396,07/12/17
59.96375,60.0497,60.15474,59.47326,07/13/17
60.09745,60.24069,60.54151,60.0306,07/14/17
60.32664,59.75365,60.46034,59.72022,07/17/17
59.6868,59.6295,59.81095,59.46715,07/18/17
59.6868,59.79185,59.99717,59.62473,07/19/17
60.0306,60.11654,60.38872,60.02582,07/20/17
59.96375,59.77752,60.16429,59.7632,07/21/17
59.69635,59.79185,60.0688,59.69635,07/24/17
60.0497,59.56265,60.14519,59.44796,07/25/17
59.46715,59.02786,59.534,58.94191,07/26/17
60.62269,60.82324,61.64453,60.00796,07/27/17
60.91874,61.22433,61.46308,60.46034,07/28/17
61.39623,61.05243,61.41533,60.65134,07/31/17
61.17658,61.05243,61.37713,60.89964,08/01/17
61.03333,60.57494,61.06198,60.32664,08/02/17
60.37439,60.63224,60.86144,60.35529,08/03/17
60.71819,60.25979,60.82324,60.107,08/04/17
60.09745,60.0115,60.25024,59.8396,08/07/17
59.84915,59.52445,59.8969,59.4003,08/08/17
59.63905,59.67725,59.8969,59.4194,08/09/17
59.60085,59.3812,59.7632,59.37643,08/10/17
59.5722,59.5913,60.12609,59.4576,08/11/17
59.9542,59.79261,60.16429,59.77275,08/14/17
59.90645,59.69635,60.18339,59.67725,08/15/17
59.6104,59.8778,60.09745,59.52159,08/16/17
59.8396,59.05651,60.18339,59.02786,08/17/17
58.98966,58.71271,59.01831,58.41189,08/18/17
58.71271,59.18066,59.24751,58.66496,08/21/17
59.13291,59.63953,59.6868,59.13291,08/22/17
59.534,59.3621,59.7823,59.3621,08/23/17
59.44805,59.8587,60.07835,59.39075,08/24/17
60.0306,60.12609,60.44124,59.96375,08/25/17
60.25024,60.48899,60.60359,60.14519,08/28/17
60.28844,60.26934,60.36484,59.8969,08/29/17
60.18339,60.27889,60.32664,60.0688,08/30/17
60.52719,60.97603,61.04288,60.11654,08/31/17
60.91874,60.97603,61.20046,60.73729,09/01/17
60.83279,60.72774,61.22911,60.60359,09/05/17
61.01423,61.13361,61.43443,60.89964,09/06/17
61.16703,61.40578,61.52038,60.91396,09/07/17
61.28163,61.36758,61.62543,61.06198,09/08/17
62.04562,62.19365,62.37032,61.76868,09/11/17
62.24617,62.53267,62.66637,61.76868,09/12/17
62.33212,62.48492,62.59952,62.36077,09/13/17
62.04562,63.18206,63.19161,62.00742,09/14/17
63.19161,63.17251,63.39216,62.80006,09/15/17
63.05314,63.02926,63.42081,62.84304,09/18/17
63.08656,62.99106,63.18206,62.72366,09/19/17
63.01971,62.80961,63.32531,62.26527,09/20/17
62.82871,62.64727,62.96241,62.57087,09/21/17
62.67591,62.19842,62.67591,62.13635,09/22/17
62.18887,62.23662,62.45627,62.11725,09/25/17
62.14112,61.86417,62.37987,61.80688,09/26/17
61.75913,61.67318,61.83552,61.42488,09/27/17
61.37713,61.38668,61.7448,61.28163,09/28/17
61.42488,61.13838,61.62543,60.47944,09/29/17
61.25298,61.6493,61.76868,61.02378,10/02/17
61.65408,61.48218,61.67213,60.90919,10/03/17
61.51083,61.69705,61.71138,61.44398,10/04/17
61.52038,61.69228,61.8785,61.43443,10/05/17
61.78778,61.58245,61.97868,61.47263,10/06/17
61.75913,61.41533,61.82597,61.24343,10/09/17
61.44398,61.56813,61.5729,61.30551,10/10/17
61.42488,60.88054,61.43443,60.66089,10/11/17
60.90919,60.93784,61.09063,60.69909,10/12/17
61.07153,60.54629,61.27676,60.52719,10/13/17
60.63224,60.48899,60.86144,60.41259,10/16/17
60.36484,60.37439,60.46034,60.0497,10/17/17
61.22433,60.64179,61.22433,60.55584,10/18/17
60.79459,60.90919,61.14793,60.72774,10/19/17
60.96648,61.00468,61.10973,60.70864,10/20/17
61.14793,60.55584,61.61588,60.45079,10/23/17
60.46034,60.28844,60.46034,59.55788,10/24/17
60.23114,59.64383,60.28367,59.52445,10/25/17
59.48625,59.19021,59.86825,59.02786,10/26/17
57.82457,55.61855,57.82457,55.21745,10/27/17
53.31702,52.23789,53.31702,51.96094,10/30/17
52.72493,52.58168,53.26937,52.55303,10/31/17
53.05918,52.87773,53.28838,52.79178,11/01/17
52.98278,52.86341,53.06395,52.56258,11/02/17
52.90638,53.52712,53.74199,52.70583,11/03/17
53.51757,53.36477,53.6463,53.09738,11/06/17
53.35522,53.08305,53.65605,52.88728,11/07/17
53.00188,54.01417,54.16219,52.96368,11/08/17
53.99507,53.67992,54.10967,53.1117,11/09/17
53.74677,53.01143,53.75632,52.66763,11/10/17
52.82043,52.62943,53.0162,52.58168,11/13/17
52.49573,52.50528,52.69151,52.28564,11/14/17
52.29519,52.34294,52.61988,51.95139,11/15/17
52.42889,52.67718,52.87773,52.29041,11/16/17
52.54348,52.71538,52.93503,52.28564,11/17/17
51.59804,51.66012,51.93869,51.21605,11/20/17
51.90364,51.83679,52.37636,51.74129,11/21/17
51.79859,51.93229,52.11374,51.73174,11/22/17
52.03734,51.91319,52.17104,51.67444,11/24/17
51.98959,52.08509,52.14239,51.76039,11/27/17
52.22834,52.47663,52.64003,51.96094,11/28/17
52.58168,52.86818,53.14952,52.45849,11/29/17
52.93503,52.77268,53.37432,52.55303,11/30/17
52.90638,53.35522,53.4555,52.75358,12/01/17
53.51757,53.69425,54.15741,53.35522,12/04/17
53.63217,53.23108,53.96642,53.21198,12/05/17
53.04963,51.89409,53.40536,51.74607,12/06/17
52.96368,52.30474,53.30747,52.22356,12/07/17
52.22834,53.06395,53.06873,52.21879,12/08/17
53.09738,53.81362,54.08579,53.05918,12/11/17
54.31021,54.49166,54.59671,54.08102,12/12/17
54.39616,54.38661,54.78771,54.09534,12/13/17
53.86137,53.51757,54.18415,53.4364,12/14/17
53.69902,53.69663,53.82985,53.24063,12/15/17
53.77542,53.72289,54.13832,53.67037,12/18/17
53.68947,53.69902,54.06192,53.48892,12/19/17
53.75632,53.54622,53.94732,53.46027,12/20/17
53.65127,54.08102,54.23859,53.60352,12/21/17
53.99507,53.83272,54.26246,53.60352,12/22/17
53.94732,53.79452,54.05237,53.73722,12/26/17
53.84227,53.80407,54.07624,53.72767,12/27/17
53.79452,54.04282,54.23381,53.76587,12/28/17
54.27201,53.84227,54.42481,53.74677,12/29/17
53.99507,53.67037,54.18606,53.52712,01/02/18
53.82317,53.60352,53.72767,53.44117,01/03/18
53.89957,54.48211,54.83546,53.84227,01/04/18
54.80681,54.39616,54.80681,54.04282,01/05/18
54.55851,54.08102,54.67311,53.95687,01/08/18
54.25291,54.26246,54.52986,54.02372,01/09/18
54.00462,54.71131,54.78771,53.91867,01/10/18
54.68266,55.00735,55.0169,54.58716,01/11/18
55.3416,56.01009,56.16289,55.2843,01/12/18
58.95146,59.2857,60.90919,58.49306,01/16/18
59.48625,59.23796,59.77275,59.10426,01/17/18
59.19976,58.38802,59.3239,57.8962,01/18/18
58.62676,58.51216,58.62581,57.91052,01/19/18
58.22567,58.49803,58.67451,57.99647,01/22/18
58.27342,58.93236,59.33345,58.13017,01/23/18
59.20931,58.42621,59.30958,58.21612,01/24/18
58.54081,58.54081,58.61712,58.20657,01/25/18
58.72226,59.25228,59.2857,58.57901,01/26/18
59.06606,58.84641,59.343,58.79389,01/29/18
58.05377,57.92007,58.49306,57.71952,01/30/18
58.03467,56.60219,58.06332,56.24884,01/31/18
56.50669,57.09878,57.62402,56.41119,02/01/18
56.92688,55.87639,57.27068,55.6663,02/02/18
55.63765,53.83272,56.29659,53.30747,02/05/18
52.67718,53.03053,54.21471,51.88913,02/06/18
52.68673,53.36477,54.15741,52.61033,02/07/18
53.51757,52.24744,53.91007,52.24744,02/08/18
52.61988,52.40024,52.91593,50.9582,02/09/18
52.87773,52.94458,53.36477,52.48141,02/12/18
52.69628,52.40979,52.87773,52.30474,02/13/18
51.87499,52.42889,52.61988,51.77949,02/14/18
52.96368,53.46027,53.46027,52.36204,02/15/18
53.33612,53.73722,54.42481,53.44117,02/16/18
53.60352,52.50528,53.61307,52.47663,02/20/18
52.54348,52.09464,52.94458,52.09464,02/21/18
52.18059,52.11374,52.58168,51.97049,02/22/18
52.41934,52.41389,52.58168,51.97049,02/23/18
52.56258,53.52712,53.65843,52.53393,02/26/18
53.39342,52.24744,53.44117,52.23789,02/27/18
52.53393,51.77491,52.68673,51.76994,02/28/18
51.81769,51.28767,52.33816,51.0155,03/01/18
51.08235,51.89887,51.98004,50.72901,03/02/18
51.75084,51.96094,52.24744,51.64102,03/05/18
52.03734,51.85589,52.23789,51.3975,03/06/18
51.4166,52.04689,52.12329,51.33542,03/07/18
52.09464,52.29519,52.35249,51.91271,03/08/18
52.54348,52.66763,52.70583,52.24266,03/09/18
53.22153,52.86818,53.60352,52.7532,03/12/18
53.23108,52.86818,53.23108,52.52438,03/13/18
52.77268,52.33339,52.92882,51.86544,03/14/18
52.47663,52.78223,53.21694,52.41934,03/15/18
52.70583,53.12603,53.33937,52.60078,03/16/18
53.17378,52.16149,53.17378,51.79859,03/19/18
52.31429,52.16149,52.46708,51.91319,03/20/18
52.28564,52.24744,52.77669,51.97049,03/21/18
51.81769,51.66489,52.50528,51.59327,03/22/18
51.87499,51.00595,52.24744,50.9391,03/23/18
51.58849,51.59804,51.71264,50.58576,03/26/18
51.55985,51.33065,52.09464,51.06325,03/27/18
51.62669,52.59123,52.84431,51.59804,03/28/18
52.84908,52.02779,52.91593,52.01824,03/29/18
51.95139,50.85315,52.19014,50.58576,04/02/18
50.92955,51.67444,51.70787,50.45206,04/03/18
51.0728,52.09464,52.22834,51.00595,04/04/18
52.58168,52.05644,52.88728,51.98959,04/05/18
51.83679,50.94865,52.11374,50.51986,04/06/18
52.52438,53.64172,54.83068,52.09941,04/09/18
54.05237,53.93777,54.22426,53.51757,04/10/18
53.56532,53.66082,53.99507,53.37432,04/11/18
54.05237,54.17651,54.61581,53.6167,04/12/18
54.50121,54.60148,54.73996,54.10012,04/13/18
55.1697,56.02919,56.58309,54.62536,04/16/18
57.15608,56.61174,57.26113,56.30614,04/17/18
56.73588,56.24884,56.93643,55.95279,04/18/18
56.15334,56.01009,56.64994,55.79045,04/19/18
56.16289,56.17244,56.60219,56.0206,04/20/18
57.34708,57.53808,57.88684,56.75594,04/23/18
57.65267,57.37573,58.25432,57.07968,04/24/18
57.14653,56.93643,57.22293,56.27272,04/25/18
57.07013,56.75498,57.3805,56.44939,04/26/18
56.66904,56.79318,56.96508,56.64039,04/27/18
56.91733,56.24884,57.27068,56.22497,04/30/18
56.34434,55.35115,56.57354,54.31976,05/01/18
55.2461,54.72086,55.38935,54.44869,05/02/18
54.55851,54.94051,55.19835,53.83272,05/03/18
54.52031,55.1506,55.29863,54.27201,05/04/18
55.1697,54.76861,55.48485,54.51076,05/07/18
54.76861,54.20516,54.83546,53.72289,05/08/18
54.40571,55.34638,55.7809,54.27201,05/09/18
55.52305,55.44665,56.07694,55.3225,05/10/18
55.5899,56.99373,57.27068,55.3225,05/11/18
57.07968,56.99851,57.37095,56.75021,05/14/18
56.76453,56.51624,57.10356,56.24884,05/15/18
56.62129,57.07968,57.30888,56.44939,05/16/18
56.84093,56.41119,57.08942,56.22974,05/17/18
56.30614,56.46849,56.78363,54.90231,05/18/18
56.52579,55.93369,56.64994,55.7618,05/21/18
56.04829,55.82865,56.47804,55.77135,05/22/18
55.8,56.48768,56.81228,55.8,05/23/18
56.59264,56.44939,56.72633,56.16289,05/24/18
56.55444,56.41119,56.78363,56.19154,05/25/18
55.94324,55.7809,56.2369,55.418,05/29/18
56.09604,57.05103,57.10833,55.88594,05/30/18
56.95553,56.86481,57.18473,56.64039,05/31/18
57.20383,57.81502,58.07287,56.93643,06/01/18
58.77956,59.21886,59.71545,58.43576,06/04/18
59.20931,58.63631,59.5149,58.31162,06/05/18
58.73181,59.14246,59.15201,58.46862,06/06/18
59.16156,59.18066,59.24751,58.74614,06/07/18
59.20931,59.74887,59.83005,59.18066,06/08/18
59.9351,59.534,60.0306,59.2857,06/11/18
59.67725,59.61995,59.79185,59.21886,06/12/18
59.73455,59.7823,60.12609,59.54833,06/13/18
59.343,58.78911,59.56265,58.46441,06/14/18
58.77001,59.25228,59.3048,58.46441,06/15/18
58.55036,58.23522,58.59811,57.86277,06/18/18
57.92007,58.28297,58.55036,57.90097,06/19/18
58.30207,58.53126,58.71271,58.06236,06/20/18
58.50261,58.40712,58.50261,58.07287,06/21/18
58.52171,58.69361,59.13291,58.46441,06/22/18
58.64586,58.32594,58.84641,57.91052,06/25/18
58.09197,57.97737,58.27342,57.88187,06/26/18
58.00602,57.20383,58.32117,57.10833,06/27/18
57.24203,57.60492,58.01557,57.28978,06/28/18
57.85322,57.96782,58.69361,57.63357,06/29/18
57.83412,57.72907,57.83412,57.22293,07/02/18
58.03467,58.08242,58.54081,57.82457,07/03/18
58.63631,58.87506,59.16633,58.34027,07/05/18
59.06606,59.40985,59.69157,59.00876,07/06/18
59.6486,59.23796,59.86825,59.20931,07/09/18
59.58175,59.48625,59.81095,59.31435,07/10/18
59.37165,59.12336,59.4003,58.82254,07/11/18
59.6104,59.83482,60.0115,59.343,07/12/18
59.46715,60.07835,60.20249,59.44805,07/13/18
60.07835,59.7632,60.09745,59.52445,07/16/18
59.6295,59.725,59.98285,59.6486,07/17/18
59.7823,60.107,60.13564,59.56265,07/18/18
59.916,59.6868,60.107,59.44328,07/19/18
59.22841,59.69635,59.72022,59.21408,07/20/18
59.69635,59.8778,59.9542,59.69635,07/23/18
60.0497,60.55584,60.58449,59.9924,07/24/18
60.56539,61.592,61.65408,60.50809,07/25/18
61.71138,61.14793,62.25572,61.10973,07/26/18
59.63905,60.64179,61.13838,59.57268,07/27/18
60.91874,61.90237,61.97877,60.67044,07/30/18
61.98832,62.90511,63.14386,61.96445,07/31/18
62.75231,62.55177,63.15341,62.50879,08/01/18
62.36077,62.28437,62.48492,61.95012,08/02/18
62.22707,62.95286,63.04836,62.04562,08/03/18
63.01971,63.23936,63.47811,62.73321,08/06/18
63.11521,63.58315,63.9747,63.05791,08/07/18
63.51631,63.6882,63.9747,63.17251,08/08/18
63.85055,63.02926,63.85055,62.83826,08/09/18
62.93376,63.07701,63.50676,62.72366,08/10/18
63.16296,63.7264,63.8792,63.09611,08/13/18
63.6882,63.48766,63.9365,63.27756,08/14/18
63.7264,64.3376,64.52859,63.47811,08/15/18
64.55724,65.76053,65.89423,64.3376,08/16/18
65.71278,65.94675,66.11865,65.60773,08/17/18
65.82738,67.01156,67.05568,65.82738,08/20/18
67.04976,66.05658,67.07937,65.98018,08/21/18
66.07568,65.93243,66.27622,65.75098,08/22/18
65.83693,65.87513,66.07157,65.64593,08/23/18
65.93243,65.94198,66.13297,65.6698,08/24/18
66.21892,65.87513,66.30487,65.44538,08/27/18
65.76053,65.55043,65.77008,65.30213,08/28/18
65.60773,65.71278,65.79395,65.19709,08/29/18
65.53133,65.47403,65.83693,65.26871,08/30/18
65.13979,65.48358,65.65548,65.09204,08/31/18
65.27348,64.90104,65.33078,64.87239,09/04/18
64.98699,65.53133,65.59818,64.89149,09/05/18
65.86558,66.26667,66.40992,65.72233,09/06/18
65.98973,66.54362,66.63912,65.75098,09/07/18
66.77282,66.44812,67.41266,66.40037,09/10/18
66.42902,65.98973,66.65822,65.96108,09/11/18
66.15207,66.71552,66.86354,66.0136,09/12/18
67.07841,67.67051,67.74691,66.44812,09/13/18
67.34581,66.83012,67.55591,66.52452,09/14/18
66.62002,67.25031,67.28851,66.51497,09/17/18
67.24076,67.25986,67.70871,66.74894,09/18/18
66.98291,66.83967,67.39356,66.50542,09/19/18
67.21211,67.60366,67.64186,66.89697,09/20/18
67.71826,67.89015,68.35332,67.71348,09/21/18
67.72781,67.61321,68.0907,67.45086,09/24/18
67.66096,67.46996,68.1671,67.34581,09/25/18
67.70871,67.17391,67.9379,67.02111,09/26/18
67.15481,67.55591,67.9761,66.93039,09/27/18
67.30761,67.73736,67.9952,67.46996,09/28/18
67.87105,68.36765,68.65414,67.44131,10/01/18
68.72099,68.53,68.92154,67.89015,10/02/18
68.78784,68.16949,69.15475,68.13845,10/03/18
67.89015,67.9952,68.14323,67.28851,10/04/18
68.1671,67.83285,68.46315,67.40311,10/05/18
67.73736,68.27215,68.46821,67.69916,10/08/18
68.3008,69.08389,69.38137,67.78511,10/09/18
69.22714,67.29806,69.60913,67.23121,10/10/18
67.19301,65.28303,67.35536,64.76734,10/11/18
65.92288,66.63912,66.90556,65.34033,10/12/18
66.19027,66.34307,67.04976,65.82738,10/15/18
66.70597,68.0143,68.10025,66.62002,10/16/18
67.8806,68.57775,68.7018,67.61321,10/17/18
68.81649,68.96929,69.14119,68.2053,10/18/18
69.04569,69.06479,69.37994,68.69712,10/19/18
69.68553,69.28921,70.18213,68.61595,10/22/18
68.87379,68.83559,69.15074,68.0143,10/23/18
68.76874,67.37446,69.3659,67.06886,10/24/18
63.90785,66.81102,67.39356,63.36351,10/25/18
66.57227,67.21211,67.59411,65.77963,10/26/18
68.1671,68.2626,69.74283,67.38057,10/29/18
68.46315,69.59958,69.66643,68.2817,10/30/18
70.10573,70.28718,71.13712,69.50408,10/31/18
70.46862,69.84788,70.70737,69.39904,11/01/18
70.25853,68.96929,70.38267,68.3963,11/02/18
68.77829,69.80968,70.25853,66.96381,11/05/18
69.65688,69.98158,70.47817,69.47544,11/06/18
70.76467,71.67191,71.92976,69.47544,11/07/18
71.53821,72.073,72.27833,71.26126,11/08/18
72.44545,71.50001,72.5696,71.42839,11/09/18
71.74831,71.31856,71.87246,70.69782,11/12/18
71.83426,71.26126,71.88201,70.67872,11/13/18
71.55731,70.74557,71.58596,70.36357,11/14/18
70.29673,71.46181,71.50001,69.84788,11/15/18
71.38541,72.69375,72.8179,71.32811,11/16/18
72.7224,72.91817,73.16169,72.19715,11/19/18
72.56005,71.39496,72.92294,71.29946,11/20/18
71.54776,71.45226,71.68623,70.84107,11/21/18
70.92702,71.31856,71.91066,70.67872,11/23/18
71.61461,72.0539,72.3404,71.46181,11/26/18
71.69101,72.91339,73.06619,71.69101,11/27/18
73.15214,73.74424,73.87793,72.89907,11/28/18
73.70604,74.40318,74.94752,73.64778,11/29/18
74.33633,75.67331,75.91206,74.23128,11/30/18
76.02666,75.65421,76.02666,74.75652,12/03/18
75.71151,74.74697,76.58055,74.58463,12/04/18
73.49594,74.82337,74.82337,72.4168,12/06/18
74.74697,73.25719,74.77562,72.67942,12/07/18
73.96388,73.94001,74.26948,72.455,12/10/18
74.41273,73.64874,74.78517,73.09007,12/11/18
74.27903,74.51778,75.21492,74.22173,12/12/18
74.73742,75.43457,75.52051,74.48913,12/13/18
74.29813,73.06619,74.51778,72.80835,12/14/18
72.5123,71.85336,73.41954,71.49524,12/17/18
72.25923,70.97477,72.36905,70.2442,12/18/18
71.29946,70.43997,71.85813,69.79058,12/19/18
70.05798,70.18213,70.79332,69.37039,12/20/18
69.66643,69.60913,71.08937,69.16029,12/21/18
69.35129,68.00475,69.61868,67.70393,12/24/18
67.78511,70.65962,70.69782,67.78511,12/26/18
69.95293,71.95363,71.97751,69.48499,12/27/18
72.46455,71.95841,73.13782,71.46181,12/28/18
72.455,73.02799,73.24764,72.29265,12/31/18
72.0921,72.17805,72.5696,71.24216,01/02/19
72.4168,70.73602,72.54095,70.53547,01/03/19
71.46181,72.837,73.05664,71.28991,01/04/19
72.7224,72.03481,73.02799,72.01571,01/07/19
72.455,72.5314,72.7797,71.89633,01/08/19
72.65555,72.00616,72.8752,71.92976,01/09/19
72.10165,71.08937,72.23917,70.16303,01/10/19
71.31856,71.50956,71.56686,70.81242,01/11/19
70.94612,70.02933,70.94612,69.80968,01/14/19
70.00068,71.15622,71.51911,69.92428,01/15/19
71.27081,71.24216,72.3595,71.11802,01/16/19
70.95567,72.19715,72.34995,70.95567,01/17/19
72.63645,72.646,72.88952,72.073,01/18/19
72.12075,72.4359,72.77015,71.9648,01/22/19
72.01571,72.01093,72.264,71.37586,01/23/19
71.66236,69.88608,71.69101,69.14119,01/24/19
70.41132,69.65688,70.47817,68.87379,01/25/19
69.12209,69.64256,69.77148,68.81172,01/28/19
69.61868,69.94338,70.36357,69.37039,01/29/19
70.14393,70.07708,70.48027,69.72851,01/30/19
69.86698,71.12757,71.45226,69.81923,01/31/19
72.8179,72.96114,74.00208,71.93931,02/01/19
72.52185,73.42909,73.42909,72.27355,02/04/19
73.91613,73.67739,74.84247,73.60099,02/05/19
73.30494,73.92568,74.22173,73.18079,02/06/19
73.53414,73.37179,73.64874,72.6842,02/07/19
73.12349,74.04506,74.04983,73.12349,02/08/19
74.29813,73.26674,74.33633,72.7797,02/11/19
73.81108,74.98095,75.36772,73.64874,02/12/19
74.98572,75.43457,75.60637,74.91887,02/13/19
75.55871,75.39159,75.95981,75.14387,02/14/19
76.06486,76.24631,76.52325,75.72106,02/15/19
76.26541,75.68286,76.51848,75.52051,02/19/19
75.53006,75.86431,75.95981,75.26267,02/20/19
75.68286,76.23676,76.4182,75.58736,02/21/19
76.17946,77.0867,77.22039,76.17946,02/22/19
77.22039,76.7429,77.34454,76.38955,02/25/19
76.8957,77.11535,77.44959,76.40865,02/26/19
76.92435,76.9912,77.63104,76.90515,02/27/19
77.0867,77.63104,78.07988,76.90525,02/28/19
78.05123,78.02258,78.23746,77.51644,03/01/19
78.39503,77.70744,78.39503,76.90525,03/04/19
77.82204,78.01304,78.33773,77.56419,03/05/19
78.09898,77.13445,78.09898,76.6856,03/06/19
77.13445,76.8002,77.45437,76.4373,03/07/19
76.6474,76.20811,76.96255,75.49186,03/08/19
76.63785,77.23949,77.38274,76.4946,03/11/19
77.51644,77.60239,77.88889,77.15355,03/12/19
78.12763,77.91754,78.31863,77.54509,03/13/19
77.65969,77.83159,78.07988,77.29679,03/14/19
77.97484,77.87934,78.21836,77.1631,03/15/19
77.83159,77.66924,78.14673,77.27769,03/18/19
77.86979,78.24223,78.30908,77.31589,03/19/19
78.18493,78.39503,78.99667,77.71699,03/20/19
78.16583,79.24497,79.42642,78.16583,03/21/19
79.17812,78.60513,79.69085,78.32818,03/22/19
78.38548,78.67198,79.01577,78.23268,03/25/19
78.88207,79.17812,79.71292,78.85343,03/26/19
78.97757,78.57648,79.31182,78.12763,03/27/19
79.12082,78.92027,79.15902,78.48098,03/28/19
79.20677,79.44552,79.55057,78.99553,03/29/19
79.95166,79.54102,80.06626,79.20677,04/01/19
79.65562,79.46462,79.95166,79.17812,04/02/19
79.62697,79.44552,79.88959,79.02532,04/03/19
79.40732,78.16583,79.43597,77.55464,04/04/19
78.41413,77.50689,78.46188,77.45914,04/05/19
77.31589,77.30634,77.60239,76.73335,04/08/19
76.90525,77.18219,77.33499,76.6474,04/09/19
77.21084,77.18219,77.65969,77.01985,04/10/19
77.24904,76.23676,77.28724,75.81656,04/11/19
76.40865,75.81656,76.80975,75.73061,04/12/19
75.89296,74.97617,75.90251,74.93797,04/15/19
75.70196,74.08803,75.72106,73.93523,04/16/19
73.96388,70.55457,74.09768,70.43042,04/17/19
70.71692,69.90518,70.71692,68.97884,04/18/19
69.95293,70.14393,70.48295,69.46589,04/22/19
70.42087,71.24216,71.86291,70.09618,04/23/19
71.28036,71.35676,71.72921,70.65007,04/24/19
71.19442,72.92294,73.36224,71.13712,04/25/19
73.19034,73.16169,73.52459,72.6651,04/26/19
73.26674,73.32404,73.70604,73.03754,04/29/19
74.09758,75.12897,75.34862,72.57915,04/30/19
75.16717,75.10032,76.13171,74.9077,05/01/19
75.16717,75.94071,76.23676,75.08122,05/02/19
75.95981,76.38955,76.53739,75.68286,05/03/19
74.99527,75.89296,76.19856,74.77562,05/06/19
75.33907,74.37453,75.71151,73.93523,05/07/19
74.80427,74.69922,75.16717,74.39363,05/08/19
74.18353,74.81382,74.97617,73.76572,05/09/19
74.57508,74.70877,74.7995,73.35269,05/10/19
73.36224,73.69649,74.02118,73.36224,05/13/19
74.12623,73.94478,74.56553,73.87793,05/14/19
73.40999,74.05938,74.37453,73.35269,05/15/19
74.31723,75.53961,76.29406,74.24083,05/16/19
74.88067,75.17672,75.50141,74.34588,05/17/19
74.84247,75.31997,75.70196,74.73742,05/20/19
75.57781,75.91206,76.13171,74.9905,05/21/19
75.94071,77.33499,77.49734,75.74016,05/22/19
76.9721,77.37319,77.53554,76.79542,05/23/19
77.64059,77.54509,78.25169,77.45914,05/24/19
77.71699,76.6092,78.24701,76.6092,05/28/19
76.58055,75.77836,76.75245,75.20537,05/29/19
76.02666,76.11261,76.20811,75.62556,05/30/19
75.76881,75.65421,76.3227,75.25312,05/31/19
76.07441,76.6283,77.27292,75.94071,06/03/19
77.1249,77.44004,77.65969,76.50893,06/04/19
77.61194,78.05123,78.56139,77.43049,06/05/19
78.36638,77.85069,78.72928,77.76474,06/06/19
78.36638,78.73883,79.14632,78.23268,06/07/19
78.96802,78.75793,78.96802,77.97961,06/10/19
79.15902,79.23542,79.65562,78.73405,06/11/19
79.39777,79.96121,80.47691,79.39777,06/12/19
80.31456,79.19722,80.32411,78.81523,06/13/19
79.07307,79.04442,79.61742,78.75793,06/14/19
79.20677,79.54102,79.57922,78.81523,06/17/19
79.61742,80.68223,80.85413,79.61742,06/18/19
80.45781,81.51784,81.70884,80.43871,06/19/19
82.02399,80.77295,82.60653,80.53421,06/20/19
80.8016,80.77295,80.9544,79.88004,06/21/19
81.069,81.66109,82.15769,81.00215,06/24/19
81.70884,81.40325,82.37733,80.9926,06/25/19
81.34595,79.78931,81.36505,79.35002,06/26/19
79.90391,80.06626,80.878,79.64607,06/27/19
80.18086,79.97076,80.43871,79.24497,06/28/19
80.53421,80.92575,81.10242,80.10924,07/01/19
80.65835,81.65154,81.65632,80.3116,07/02/19
82.18634,82.98853,83.15087,82.11949,07/03/19
82.76888,81.76614,82.88348,81.64199,07/05/19
81.1836,80.27636,81.65154,79.74156,07/08/19
80.44826,81.0499,81.3746,80.30501,07/09/19
80.98305,81.00215,81.2791,80.55808,07/10/19
79.65562,77.33499,79.90391,76.18901,07/11/19
77.24904,76.14126,77.24904,75.09077,07/12/19
76.82885,77.30634,77.61194,76.5137,07/15/19
77.71699,77.90799,78.09898,77.24904,07/16/19
78.30908,78.25178,78.63378,77.90321,07/17/19
78.73883,78.95847,79.22587,77.92709,07/18/19
79.03487,77.72654,79.09217,77.49734,07/19/19
78.08943,77.56419,78.08943,77.40184,07/22/19
77.81249,78.33773,78.71973,77.24904,07/23/19
78.30908,78.06078,78.60159,77.47824,07/24/19
77.78384,78.10853,79.32137,77.40184,07/25/19
77.87934,77.75519,77.95574,77.27769,07/26/19
78.42368,78.71018,79.0683,77.97484,07/29/19
80.20951,79.52192,81.3364,79.09217,07/30/19
79.18767,79.27362,80.8398,79.11127,07/31/19
79.32137,79.92301,80.69178,78.92982,08/01/19
80.10446,80.6679,80.95115,79.79886,08/02/19
80.11401,79.36912,80.53898,78.4571,08/05/19
79.44552,80.55331,80.67755,79.37867,08/06/19
80.41961,80.44826,80.878,79.08262,08/07/19
81.0117,80.9544,81.21702,80.52466,08/08/19
81.28865,81.64199,82.22931,80.90665,08/09/19
81.3937,81.85209,82.06219,80.71565,08/12/19
81.61334,82.19589,82.88348,81.61334,08/13/19
81.52739,79.65562,81.96669,79.59832,08/14/19
79.74156,79.70337,80.06636,79.16857,08/15/19
80.83025,81.23135,81.51784,80.40051,08/16/19
81.79479,82.29138,82.63929,81.61334,08/19/19
82.13859,81.80434,82.8214,81.72794,08/20/19
82.40598,83.00763,83.318,82.25319,08/21/19
82.96943,82.84528,83.26605,82.36778,08/22/19
82.41553,81.1645,83.01718,80.687,08/23/19
81.47009,82.02399,82.03201,81.26,08/26/19
82.53013,81.68974,82.98853,81.60379,08/27/19
81.4128,82.58743,82.67338,81.21225,08/28/19
83.12223,82.80708,83.41827,82.30571,08/29/19
83.18907,82.48238,83.28457,82.29138,08/30/19
82.38688,82.74978,83.09081,82.16724,09/03/19
83.23682,82.16724,83.23682,81.57514,09/04/19
82.74023,82.21499,82.74023,81.65154,09/05/19
82.64473,82.67338,83.01718,82.42508,09/06/19
82.57788,79.70337,82.57788,79.18767,09/09/19
78.49053,78.01304,78.49053,75.30087,09/10/19
78.18493,79.17812,79.35957,77.96529,09/11/19
79.76066,79.57922,80.29068,79.06352,09/12/19
79.04442,78.91072,79.80841,78.42846,09/13/19
78.59558,78.29953,78.72928,78.01304,09/16/19
78.43323,78.79613,79.73201,78.43323,09/17/19
78.94892,79.29272,79.52669,78.67198,09/18/19
79.28317,80.18086,80.50556,79.14947,09/19/19
80.92575,81.3364,82.00489,80.52466,09/20/19
81.1454,80.54376,81.38415,80.54376,09/23/19
80.7634,79.86571,81.0499,79.63174,09/24/19
79.71292,79.37867,80.23816,79.21632,09/25/19
79.83706,80.09491,80.30501,79.2975,09/26/19
80.04716,79.17812,80.20951,78.86298,09/27/19
79.46462,80.39096,81.26955,79.46462,09/30/19
80.35276,79.82751,80.79205,79.78454,10/01/19
79.30227,77.99394,79.46462,76.9148,10/02/19
78.24223,79.03487,79.14947,77.95765,10/03/19
79.44552,81.15495,81.28626,79.43597,10/04/19
81.0308,80.5915,81.26678,80.1715,10/07/19
79.96121,79.52192,80.6106,79.34524,10/08/19
79.99941,80.40051,80.687,79.77499,10/09/19
80.33366,79.99941,81.02602,79.82274,10/10/19
80.56763,80.51511,81.59424,80.47213,10/11/19
80.63925,80.86845,81.2791,80.49123,10/14/19
81.09765,81.2218,81.26955,80.7825,10/15/19
81.23135,80.65835,81.26,80.62015,10/16/19
80.6679,80.02806,80.8398,79.96732,10/17/19
79.93256,80.88755,81.07855,79.89436,10/18/19
81.2027,80.7252,81.2027,80.29546,10/21/19
78.27088,77.65014,78.95847,76.63785,10/22/19
77.64059,79.13037,79.13992,77.51644,10/23/19
79.32137,78.87252,79.83706,78.34728,10/24/19
78.42368,78.52873,79.11758,78.34728,10/25/19
79.06352,78.47143,79.71292,76.7429,10/28/19
80.08536,81.25045,81.90843,79.09217,10/29/19
81.17405,82.37733,82.59698,80.52466,10/30/19
82.42508,82.77843,83.07448,81.67064,10/31/19
83.08403,81.1263,83.30367,80.9735,11/01/19
81.72794,80.10446,81.84254,80.10446,11/04/19
79.90391,79.19722,79.98031,79.00622,11/05/19
79.79886,79.50282,80.17608,79.38831,11/06/19
79.48372,79.18767,80.20951,78.9536,11/07/19
79.17812,79.82751,79.93734,78.98712,11/08/19
79.39777,79.51237,79.86734,79.23065,11/11/19
79.86571,80.36231,80.99738,79.82751,11/12/19
80.50556,80.94485,81.2791,80.32411,11/13/19
81.09765,80.73475,81.33936,79.93256,11/14/19
80.94485,81.07855,81.74227,80.83321,11/15/19
80.92575,80.36231,80.94485,80.07581,11/18/19
80.50556,80.8589,81.1263,80.19518,11/19/19
80.77295,81.44144,81.63244,80.6488,11/20/19
81.84254,81.61334,81.90939,80.47691,11/21/19
81.79479,81.61334,82.46328,81.47964,11/22/19
82.07174,81.86164,82.66622,81.50829,11/25/19
82.12904,83.38962,83.49945,82.05264,11/26/19
83.41827,83.67612,83.91487,83.07448,11/27/19
83.28457,83.29412,83.81937,83.11268,11/29/19
83.58062,83.14132,84.02469,82.68293,12/02/19
82.85483,83.46602,83.52332,82.60653,12/03/19
83.44692,84.69796,84.72661,83.25592,12/04/19
84.73616,84.76481,84.79346,84.01686,12/05/19
84.85075,84.8412,85.2232,84.75526,12/06/19
84.90805,84.71706,84.994,84.23001,12/09/19
84.71706,85.0513,85.50015,84.52606,12/10/19
85.09905,84.96535,85.45937,84.85553,12/11/19
84.9749,85.5288,85.91079,84.90805,12/12/19
85.19455,85.2232,85.55745,84.45921,12/13/19
85.4333,85.2805,85.93944,85.1659,12/16/19
85.30915,84.98445,85.42375,84.53083,12/17/19
85.32825,85.63385,85.94899,85.11815,12/18/19
85.91079,85.91079,86.03494,85.4715,12/19/19
86.87533,87.44832,88.46061,86.75118,12/20/19
87.69662,87.62022,87.87807,87.34328,12/23/19
87.50562,87.33373,87.55337,86.97083,12/24/19
87.31463,87.22868,87.59157,86.97083,12/26/19
87.53427,87.39103,87.57247,87.16183,12/27/19
87.53427,86.93263,87.56292,86.64613,12/30/19
86.85623,86.83713,86.88488,86.36919,12/31/19
86.91353,87.88762,87.99267,86.29756,01/02/20
86.84668,87.12363,87.92582,86.43604,01/03/20
86.98038,87.50562,87.6059,86.89443,01/06/20
86.71298,85.21365,87.01858,85.1086,01/07/20
85.07995,84.61201,85.46195,84.43533,01/08/20
84.94625,85.3569,85.98719,84.80301,01/09/20
85.6243,85.5097,86.03494,85.41897,01/10/20
85.6052,85.40465,85.6052,85.0131,01/13/20
85.25185,85.87259,85.88214,84.86985,01/14/20
86.13999,87.41967,87.47697,86.13999,01/15/20
87.66797,87.07588,87.91188,86.95173,01/16/20
87.17138,86.88488,87.50562,86.77028,01/17/20
86.63658,85.91079,86.86578,85.67205,01/21/20
86.31189,85.61475,86.38829,85.59087,01/22/20
85.6243,84.53561,85.6243,84.28731,01/23/20
84.79346,82.10039,84.82211,81.72794,01/24/20
81.26,82.22454,82.61131,80.8971,01/27/20
82.51103,82.36778,82.8066,82.03354,01/28/20
82.79753,83.32277,84.18704,82.53968,01/29/20
83.05538,82.58743,83.20817,82.32003,01/30/20
82.65428,81.58469,82.76888,81.32685,01/31/20
82.28184,83.40872,84.24911,82.24364,02/03/20
84.72661,84.40191,85.185,84.09631,02/04/20
80.54376,81.99534,82.83095,80.21906,02/05/20
82.12904,81.79002,82.33913,81.42235,02/06/20
81.97624,81.25045,82.07174,81.01647,02/07/20
81.26,81.82344,82.10039,81.1454,02/10/20
81.82344,81.42235,82.10994,81.12152,02/11/20
81.19315,79.48372,81.3937,79.16857,02/12/20
79.19722,78.24223,79.19722,77.79339,02/13/20
78.53828,78.92027,79.07307,78.00349,02/14/20
79.14947,78.75793,79.36912,78.5526,02/18/20
79.22587,78.30908,79.26407,77.89844,02/19/20
78.64333,78.77703,79.10172,78.04168,02/20/20
78.52873,78.63378,78.91072,78.03691,02/21/20
76.9912,77.67879,78.87071,76.953,02/24/20
77.83159,76.6092,78.24223,76.25891,02/25/20
76.953,76.33225,77.95574,76.18901,02/26/20
76.9912,74.49868,78.07033,74.49868,02/27/20
73.42909,73.10439,73.98298,70.85062,02/28/20
73.58189,77.71699,77.86979,73.58189,03/02/20
77.99394,75.57781,78.67198,74.40318,03/03/20
77.84114,79.25452,79.33092,76.28451,03/04/20
77.89844,77.87934,79.03487,77.29679,03/05/20
76.08396,78.55738,78.89162,75.85552,03/06/20
74.45093,75.40592,77.08803,73.53376,03/09/20
76.8575,78.28998,78.47143,74.01163,03/10/20
76.3991,75.63511,76.52325,74.51778,03/11/20
71.03207,71.03207,74.54643,69.96248,03/12/20
72.7415,72.97069,73.74424,69.00749,03/13/20
66.84922,66.76327,72.6651,64.09885,03/16/20
68.42495,71.07027,72.63645,68.25305,03/17/20
68.2244,68.3772,71.28036,65.75174,03/18/20
68.13845,67.50816,69.57571,65.80828,03/19/20
66.41947,68.1862,69.23669,65.42628,03/20/20
67.21211,63.43036,68.38675,62.32257,03/23/20
66.06613,66.07568,66.61047,64.17525,03/24/20
65.27348,65.12069,67.19779,63.75505,03/25/20
65.41673,70.33493,70.82197,65.03474,03/26/20
68.75919,68.4727,70.10573,68.06205,03/27/20
70.34448,73.54369,74.08803,69.66643,03/30/20
73.07574,73.52459,74.10713,72.13508,03/31/20
71.44271,70.61187,72.073,69.70463,04/01/20
72.33085,73.38134,73.64874,70.70737,04/02/20
73.13304,72.8943,73.93523,71.92976,04/03/20
74.95707,76.7238,77.21084,74.39363,04/06/20
78.59558,74.98572,78.59558,74.90932,04/07/20
75.55871,77.88889,78.38071,74.81382,04/08/20
77.70266,78.76748,79.54102,76.571,04/09/20
78.23268,76.8957,78.73883,76.23828,04/13/20
78.59558,79.10172,79.43597,77.09625,04/14/20
77.56419,78.35683,79.21632,76.9339,04/15/20
78.89162,79.26407,79.57922,78.55738,04/16/20
80.21906,79.72247,80.36231,78.72928,04/17/20
78.99667,79.31182,80.32411,77.1249,04/20/20
77.89366,75.03347,78.59558,74.68967,04/21/20
75.77836,76.3609,77.00075,75.28177,04/22/20
76.63308,77.23949,78.18971,76.56145,04/23/20
77.84114,77.75519,78.40458,77.39229,04/24/20
77.73609,80.23816,80.8589,77.20129,04/27/20
77.80294,77.52599,78.52873,76.56145,04/28/20
78.30908,77.0676,78.35683,75.47276,04/29/20
76.23676,75.74971,76.7811,75.57781,04/30/20
75.22447,74.19308,75.29132,73.46729,05/01/20
74.42228,73.42909,74.513,72.78686,05/04/20
73.78721,74.46048,75.2555,73.31449,05/05/20
74.85202,73.65829,75.10032,73.62009,05/06/20
73.49594,72.19715,73.54369,72.03481,05/07/20
72.99934,72.95159,73.49594,72.56005,05/08/20
72.67465,74.39363,74.55598,72.50275,05/11/20
74.72787,73.71559,75.14807,73.70604,05/12/20
73.50549,74.36498,75.24834,73.13304,05/13/20
73.87793,76.4182,76.52325,73.80153,05/14/20
76.46595,76.23676,76.92406,75.29132,05/15/20
77.1631,76.04576,77.35409,75.69241,05/18/20
75.78314,74.04028,76.14126,73.86838,05/19/20
74.66102,73.39089,74.71832,73.22854,05/20/20
73.30494,73.11394,73.56279,72.84655,05/21/20
72.80835,72.94204,73.20944,72.646,05/22/20
74.78517,73.78243,74.91887,73.44819,05/26/20
73.92568,74.04983,74.14533,72.57915,05/27/20
75.10987,75.48231,76.6665,75.06212,05/28/20
75.84521,77.0676,77.29679,74.80427,05/29/20
76.6283,75.97891,76.8384,75.56826,06/01/20
75.92161,77.21084,77.22517,75.28081,06/02/20
77.33499,78.36638,78.63855,77.22039,06/03/20
77.71699,77.87934,78.46188,77.2034,06/04/20
78.45233,78.51918,79.37867,77.83159,06/05/20
77.49734,79.17812,79.45507,77.49734,06/08/20
79.44552,78.58603,79.74634,78.42368,06/09/20
78.69108,78.09898,79.05397,77.34454,06/10/20
77.32544,73.87793,77.98439,73.86838,06/11/20
74.31723,72.8943,74.41273,72.073,06/12/20
71.67191,70.69782,71.97751,70.26808,06/15/20
71.98706,73.51504,73.92568,71.46181,06/16/20
73.69649,72.8561,73.95433,72.22103,06/17/20
72.3022,72.7988,72.84655,71.96796,06/18/20
73.44819,73.99253,74.47003,72.39293,06/19/20
73.92568,73.25719,74.12623,72.98979,06/22/20
74.09758,73.64874,75.08122,73.42909,06/23/20
73.24764,72.42635,73.42909,72.06345,06/24/20
72.31175,73.10439,73.49116,71.92021,06/25/20
72.91339,71.78651,73.27629,71.62416,06/26/20
72.46455,72.6842,73.06619,72.1303,06/29/20
73.33359,73.83018,74.16443,72.92294,06/30/20
73.99253,74.57508,75.38672,73.64874,07/01/20
75.11942,75.25312,75.74016,74.69445,07/02/20
75.84521,75.96936,76.42011,75.34862,07/06/20
75.37727,75.15762,76.09351,75.05257,07/07/20
75.17672,74.37453,75.40993,73.99253,07/08/20
74.46048,73.24764,74.78517,72.61735,07/09/20
73.50549,73.27629,73.86838,72.96114,07/10/20
73.61054,73.87793,75.03824,73.27629,07/13/20
73.97343,74.70877,75.07167,73.87793,07/14/20
75.47276,75.83566,76.36568,75.29132,07/15/20
76.08396,75.82611,76.21766,75.20537,07/16/20
76.20811,76.28451,76.63308,75.74016,07/17/20
76.38,75.84521,76.5901,75.51096,07/20/20
75.99801,75.31997,76.5137,75.25312,07/21/20
75.46321,75.23402,76.16036,74.50823,07/22/20
75.33907,74.52733,75.63511,74.02118,07/23/20
74.34588,73.63919,74.47958,72.92294,07/24/20
72.837,75.37727,75.57781,72.837,07/27/20
75.59691,76.11261,76.59488,75.42502,07/28/20
75.96936,75.76881,76.15081,75.20537,07/29/20
75.19582,75.51096,75.71151,74.13578,07/30/20
77.24904,76.6283,78.00349,75.58736,07/31/20
78.46188,78.83433,80.02806,78.17538,08/03/20
78.83433,78.01304,78.83433,77.43049,08/04/20
78.30908,77.95574,78.73883,77.49734,08/05/20
77.91754,77.40184,78.68153,76.96255,08/06/20
77.30634,77.36364,77.37319,76.42775,08/07/20
77.42094,77.32544,77.55464,76.6856,08/10/20
78.04168,77.25859,78.18493,77.00075,08/11/20
77.73609,79.01577,79.17812,77.67879,08/12/20
78.37593,79.81796,79.86571,78.33773,08/13/20
79.62697,79.71292,80.6297,79.42642,08/14/20
80.51511,80.94485,81.34595,80.23816,08/17/20
81.1263,80.73475,81.1836,79.99941,08/18/20
80.94485,81.2218,81.85209,80.75385,08/19/20
80.9353,81.2027,81.46054,80.58721,08/20/20
81.26955,81.13585,81.34595,80.33366,08/21/20
81.4128,81.58469,81.62289,80.67745,08/24/20
82.11949,81.82344,82.40598,81.36505,08/25/20
81.47009,81.68974,81.81867,80.84935,08/26/20
81.28865,81.96669,82.27229,81.26,08/27/20
81.88074,81.77569,82.00489,81.08791,08/28/20
81.74704,81.42235,82.06219,81.30775,08/31/20
81.58469,80.6488,81.91894,80.14266,09/01/20
80.67745,83.01718,83.28457,80.47691,09/02/20
83.80982,81.63244,83.80982,81.11675,09/03/20
81.75659,81.40325,82.97898,80.46163,09/04/20
81.98579,79.56967,82.07174,79.26407,09/08/20
79.98031,81.05945,81.95714,79.89694,09/09/20
81.05945,79.84661,81.05945,79.54102,09/10/20
80.06626,80.69178,81.05945,80.00896,09/11/20
80.60105,80.40051,81.26477,79.96121,09/14/20
80.9162,80.41961,81.33162,79.88481,09/15/20
80.8398,81.75659,82.21976,80.69655,09/16/20
81.53694,81.77569,81.90939,80.6488,09/17/20
81.71839,81.94759,82.40598,81.11675,09/18/20
81.17405,79.35957,81.49874,78.39981,09/21/20
79.54102,79.19722,79.80841,78.50008,09/22/20
79.40732,78.91072,80.04678,78.86298,09/23/20
78.43323,79.42642,79.72247,78.16583,09/24/20
78.59558,79.21632,79.49327,78.11808,09/25/20
79.45507,79.04442,79.93256,78.85343,09/28/20
78.94892,78.20403,79.39777,78.02258,09/29/20
78.55738,79.15902,79.56967,78.32818,09/30/20
79.41687,77.97484,79.58877,77.59761,10/01/20
77.0867,77.1249,78.06078,76.82885,10/02/20
77.54509,77.60239,77.86979,76.9912,10/05/20
77.47824,75.96936,77.48779,75.94071,10/06/20
76.44685,76.4373,76.7238,75.93116,10/07/20
76.7429,76.86705,78.15151,76.5519,10/08/20
77.11535,76.7429,77.43527,76.44685,10/09/20
76.9339,76.73335,77.0867,76.3227,10/12/20
76.7047,77.1249,77.28724,76.4373,10/13/20
77.11535,76.88615,77.28724,76.46595,10/14/20
76.24631,75.50141,76.3398,75.23879,10/15/20
75.73061,76.21766,76.6856,75.54916,10/16/20
76.40865,75.10987,76.86705,74.80905,10/19/20
75.43457,74.76607,75.43457,74.56553,10/20/20
74.84247,74.56553,75.27222,74.52733,10/21/20
74.58463,75.63511,75.85476,74.58463,10/22/20
75.79746,76.28451,76.98165,75.74971,10/23/20
75.78791,75.36772,76.17946,74.73742,10/26/20
75.52051,74.47003,76.61875,74.47003,10/27/20
73.65829,72.7606,74.20263,72.59825,10/28/20
72.77015,72.4741,73.14259,71.32811,10/29/20
71.94886,71.81516,72.4741,70.62142,10/30/20
72.98979,73.24764,73.39566,72.23535,11/02/20
73.96388,73.46729,74.70877,73.30494,11/03/20
76.18901,76.9721,79.15902,75.95981,11/04/20
78.67198,76.80975,79.15902,76.80975,11/05/20
76.38,76.7429,77.48779,75.87386,11/06/20
81.0499,76.8193,81.3364,76.73335,11/09/20
78.09898,77.44959,78.33296,77.38274,11/10/20
78.56693,77.43049,78.56693,76.96732,11/11/20
76.92435,76.31316,77.35409,75.47276,11/12/20
76.5901,77.44959,78.16583,76.13171,11/13/20
78.13718,76.571,78.13718,76.11261,11/16/20
77.50689,77.83159,78.27088,76.79065,11/17/20
78.00349,76.61875,78.28043,76.61875,11/18/20
76.9148,76.77155,77.0485,75.76585,11/19/20
76.96255,76.86705,77.17264,76.14126,11/20/20
77.1058,76.6665,77.50689,75.83566,11/23/20
76.5328,76.56145,77.24904,76.08396,11/24/20
76.6474,76.46595,76.8383,76.01711,11/25/20
76.6856,76.29406,77.0485,75.98846,11/27/20
76.33225,76.762,76.9148,75.84521,11/30/20
77.35409,77.86979,78.7436,77.20129,12/01/20
78.26133,78.14673,79.01577,77.63954,12/02/20
78.22313,77.78384,78.27279,77.18219,12/03/20
77.74564,78.22313,78.26133,77.47824,12/04/20
78.32818,78.78658,79.71292,78.32818,12/07/20
78.46188,79.46462,79.97076,78.46188,12/08/20
79.87526,79.74156,80.10446,78.82478,12/09/20
80.01851,79.24497,80.16176,78.99667,12/10/20
79.09217,79.23542,79.66517,78.81523,12/11/20
79.02532,76.71425,79.32137,76.4373,12/14/20
77.0103,76.9148,77.39229,76.3991,12/15/20
76.71425,76.21766,77.11535,76.06486,12/16/20
76.82885,76.23676,76.8766,76.09351,12/17/20
76.17946,76.17946,76.56145,74.91887,12/18/20
75.25312,75.74016,75.75926,74.2456,12/21/20
75.43457,75.86431,76.38955,74.72787,12/22/20
75.94071,76.16036,76.80975,75.94071,12/23/20
76.38955,76.58055,76.80975,76.27973,12/24/20
76.9912,76.8193,77.48779,76.52325,12/28/20
77.0485,77.76474,77.91754,77.0485,12/29/20
77.98439,76.953,78.05123,76.9148,12/30/20
77.0294,78.08943,78.25178,76.762,12/31/20
78.26133,77.32544,78.39503,76.28451,01/04/21
77.1249,77.44959,77.73131,76.31316,01/05/21
77.0676,78.69108,79.01291,76.88615,01/06/21
78.94892,80.23816,80.57241,78.37593,01/07/21
80.63925,79.29272,80.63925,78.84388,01/08/21
79.72247,81.1836,81.74704,79.54102,01/11/21
81.26955,79.32137,81.30775,78.83433,01/12/21
79.55057,78.64333,79.59832,78.58603,01/13/21
78.73883,78.47143,79.0683,78.19448,01/14/21
78.28998,79.62697,79.73679,77.89299,01/15/21
79.61742,79.43597,80.11879,78.93937,01/19/21
79.47417,78.73883,79.78931,78.56693,01/20/21
77.99394,77.50689,78.30908,77.31589,01/21/21
77.46869,77.32544,77.76474,77.1249,01/22/21
76.86705,77.48779,77.53554,76.46108,01/25/21
77.39229,76.67605,77.49734,76.5328,01/26/21
76.45163,73.62009,76.46595,73.38134,01/27/21
73.66784,74.38885,74.97617,73.60099,01/28/21
74.35543,73.56279,74.83292,72.95159,01/29/21
74.52733,73.88748,74.80427,73.85883,02/01/21
74.44138,74.29813,75.36772,74.21218,02/02/21
74.33633,73.83018,74.63237,73.67739,02/03/21
73.48639,72.62212,73.52459,72.13985,02/04/21
72.98024,72.40725,73.51504,72.01571,02/05/21
72.5505,71.64326,72.7606,71.29946,02/08/21
71.77696,71.66236,71.77696,71.01297,02/09/21
71.94886,71.50956,71.98706,71.18487,02/10/21
71.44271,71.39496,71.71966,70.88882,02/11/21
71.30901,71.65281,71.72921,71.18964,02/12/21
71.90111,70.92702,71.90111,70.71692,02/16/21
71.09892,72.2067,72.63645,71.03207,02/17/21
71.88201,72.03481,72.46455,71.67191,02/18/21
72.1494,70.94612,72.1494,70.91747,02/19/21
71.13234,71.59551,71.68146,70.41132,02/22/21
71.90111,71.22306,72.53999,71.10847,02/23/21
71.46181,71.20396,71.88201,71.04639,02/24/21
70.74557,71.22306,71.62416,70.74557,02/25/21
71.12757,69.31309,71.27081,69.27489,02/26/21
69.87653,69.07434,70.07708,68.93587,03/01/21
69.41814,69.51363,70.18213,69.14119,03/02/21
69.56138,69.96248,70.40846,69.16029,03/03/21
69.83833,68.91199,70.01023,68.48702,03/04/21
69.34174,69.84788,70.10573,68.76874,03/05/21
70.98432,70.79332,72.15418,70.09618,03/08/21
71.20396,70.78377,72.06345,70.78377,03/09/21
71.42361,71.35676,71.84276,70.77422,03/10/21
71.51911,71.25171,71.96796,71.23367,03/11/21
70.77422,71.22306,71.51911,70.65962,03/12/21
72.1494,72.84655,73.11394,71.70056,03/15/21
72.65555,73.35269,73.68694,72.65555,03/16/21
73.21899,73.83973,74.01163,72.5505,03/17/21
73.86838,73.79198,74.67057,73.73469,03/18/21
73.83018,73.83973,74.72787,72.60054,03/19/21
72.5123,74.00208,74.20263,72.13985,03/22/21
73.77288,72.80835,73.83018,72.6078,03/23/21
72.93249,72.82745,73.22854,72.4932,03/24/21
72.99934,72.6842,73.16169,71.93931,03/25/21
72.77015,73.96388,73.98298,72.436,03/26/21
73.77288,74.80427,75.0096,73.70604,03/29/21
74.51778,73.46729,74.56553,73.33836,03/30/21
73.63919,73.71559,74.1883,73.19034,03/31/21
73.73469,73.58189,73.96388,73.35746,04/01/21
74.00208,73.56279,74.40318,73.32318,04/05/21
73.44819,72.3595,73.47684,72.23535,04/06/21
72.7224,72.73195,72.96114,72.31175,04/07/21
72.90384,72.12075,72.96114,71.89156,04/08/21
72.0921,72.8561,72.94204,72.03003,04/09/21
72.8943,72.82745,73.15214,72.56482,04/12/21
72.59825,73.00889,73.30494,72.45691,04/13/21
72.8752,72.98979,73.32939,72.59825,04/14/21
72.8179,73.21899,73.83973,72.8179,04/15/21
73.47684,73.96388,74.25038,73.35746,04/16/21
74.36498,74.11668,74.36498,73.50549,04/19/21
74.20263,75.01915,75.57304,74.18353,04/20/21
75.37727,75.66376,75.91206,75.12897,04/21/21
75.48231,74.45093,75.50141,74.07371,04/22/21
74.31723,74.35543,74.67057,73.96866,04/23/21
74.47958,74.02118,74.47958,73.82063,04/26/21
74.03073,73.91613,74.42228,73.74424,04/27/21
74.05938,73.66784,74.513,73.40044,04/28/21
72.25445,70.43042,72.31175,69.57093,04/29/21
70.44952,71.22306,71.70056,70.17258,04/30/21
70.79332,72.59825,72.59825,70.79332,05/03/21
72.8752,72.6269,73.02341,72.1303,05/04/21
72.7797,74.18353,74.22173,72.33085,05/05/21
73.92568,74.34588,74.35065,73.23332,05/06/21
74.46048,74.82337,75.11942,74.3793,05/07/21
75.48231,74.65147,75.61601,74.64192,05/10/21
74.30768,74.00208,75.11464,73.68694,05/11/21
74.27903,74.44138,74.99527,73.84928,05/12/21
74.17398,75.18627,75.43457,74.14056,05/13/21
75.43457,74.69922,75.58736,74.69922,05/14/21
75.07167,76.24631,76.56145,75.05257,05/17/21
75.53961,75.84521,76.20811,75.34862,05/18/21
75.58736,75.82611,75.82611,74.45093,05/19/21
75.34862,76.04576,76.38478,75.34862,05/20/21
76.3418,75.65421,76.7238,75.52529,05/21/21
75.94071,75.44412,76.06486,75.40592,05/24/21
75.68286,74.07848,75.68286,74.00208,05/25/21
74.04028,73.80153,74.2647,73.50549,05/26/21
74.01163,72.52185,74.10713,72.46933,05/27/21
72.6078,72.4359,72.96114,72.3977,05/28/21
72.67465,71.86291,72.6842,71.65291,06/01/21
71.87246,72.40725,72.65555,71.87246,06/02/21
73.2,73.9,74.0,72.9,06/03/21
74.2,74.15,74.48,73.9032,06/04/21
74.16,72.78,74.2,72.78,06/07/21
72.97,72.36,73.165,72.075,06/08/21
72.97,74.01,74.3,72.965,06/09/21
75.21,76.21,76.47,74.74,06/10/21
76.58,76.34,76.59,15.32,06/11/21
75.8,75.48,75.8,74.88,06/14/21
75.52,75.67,75.765,74.72,06/15/21
76.22,76.67,77.545,76.22,06/16/21
76.39,77.19,77.465,75.985,06/17/21
77.05,76.62,77.2197,76.155,06/18/21
76.82,76.7,77.28,76.55,06/21/21
76.75,76.19,76.75,76.015,06/22/21
75.98,75.63,76.255,75.55,06/23/21
75.91,76.41,76.635,75.73,06/24/21
76.26,77.1,77.97,76.05,06/25/21
77.25,76.89,77.74,76.79,06/28/21
77.01,77.26,77.325,76.82,06/29/21
77.53,77.8,78.09,77.235,06/30/21
77.51,78.01,78.15,77.51,07/01/21
78.11,78.64,78.77,77.76,07/02/21
78.15,78.16,78.32,77.56,07/06/21
78.41,78.61,78.61,78.13,07/07/21
77.73,78.11,78.29,77.31,07/08/21
78.47,78.01,78.69,77.94,07/09/21
77.82,77.48,78.43,77.39,07/12/21
77.4,77.58,77.77,77.24,07/13/21
77.71,77.67,77.715,76.88,07/14/21
77.46,77.87,78.04,77.2166,07/15/21
78.14,77.99,78.37,77.63,07/16/21
77.81,77.27,78.3384,76.15,07/19/21
77.07,76.2,78.13,75.9532,07/20/21
76.34,76.36,76.46,75.64,07/21/21
76.46,76.5,76.79,76.08,07/22/21
76.75,77.57,77.675,76.73,07/23/21
77.54,77.22,77.605,76.955,07/26/21
77.17,77.9,78.125,76.74,07/27/21
77.85,78.28,78.665,77.47,07/28/21
77.6,76.97,77.92,76.82,07/29/21
77.12,76.83,77.75,76.77,07/30/21
77.09,76.14,77.26,76.14,08/02/21
76.36,76.45,76.805,76.19,08/03/21
76.49,75.46,76.49,75.46,08/04/21
75.64,75.55,75.688,74.9314,08/05/21
75.29,75.46,75.62,74.9932,08/06/21
75.78,75.35,76.22,75.0,08/09/21
75.16,75.18,75.35,74.815,08/10/21
75.47,75.18,75.765,75.135,08/11/21
75.19,76.06,76.06,75.14,08/12/21
76.28,76.75,76.77,76.23,08/13/21
76.8,77.91,78.01,76.635,08/16/21
77.91,78.8,79.04,77.83,08/17/21
79.03,77.77,79.03,77.75,08/18/21
77.55,78.49,79.14,77.55,08/19/21
78.57,78.65,79.195,78.26,08/20/21
79.15,78.38,79.2256,78.34,08/23/21
78.34,77.72,78.34,77.545,08/24/21
77.72,77.05,77.81,76.4,08/25/21
77.1,76.56,77.31,76.505,08/26/21
76.97,76.31,76.97,76.1657,08/27/21
76.45,76.53,76.835,76.215,08/30/21
76.81,76.27,77.1,76.03,08/31/21
76.28,76.22,76.8,75.835,09/01/21
76.42,77.14,77.14,76.17,09/02/21
77.32,77.28,77.36,76.695,09/03/21
76.64,76.0,76.87,75.17,09/07/21
75.81,75.4,75.97,74.82,09/08/21
75.11,73.77,75.11,73.6,09/09/21
74.01,73.48,74.2002,73.13,09/10/21
73.78,73.22,73.82,72.865,09/13/21
73.14,72.11,73.14,72.06,09/14/21
72.04,72.85,73.15,71.89,09/15/21
72.95,71.9,72.96,71.6968,09/16/21
71.2,71.61,71.95,70.89,09/17/21
71.22,71.94,72.61,71.125,09/20/21
72.39,71.99,72.68,71.77,09/21/21
72.43,72.02,72.43,71.86,09/22/21
72.69,73.05,74.039,72.58,09/23/21
73.59,73.64,74.63,73.4,09/24/21
73.57,73.34,74.2661,73.34,09/27/21
73.54,73.28,73.82,72.66,09/28/21
73.72,75.06,75.7,73.575,09/29/21
75.53,75.11,76.65,75.1,09/30/21
81.6,81.45,84.305,80.63,10/01/21
84.15,83.15,84.54,82.42,10/04/21
82.72,81.62,83.39,81.3,10/05/21
81.59,80.69,81.68,80.15,10/06/21
81.63,81.94,82.6699,81.038,10/07/21
81.61,80.68,81.8,80.53,10/08/21
81.61,79.95,81.635,79.87,10/11/21
80.28,79.59,80.28,79.245,10/12/21
79.35,78.98,79.6605,78.78,10/13/21
79.07,78.31,79.66,77.98,10/14/21
78.09,78.32,79.06,77.99,10/15/21
78.76,77.15,78.76,77.11,10/18/21
78.75,79.49,79.5192,78.11,10/19/21
79.4,81.05,81.245,79.31,10/20/21
81.11,81.15,81.261,80.28,10/21/21
81.13,81.12,81.48,80.88,10/22/21
81.1,81.67,81.72,79.95,10/25/21
81.8,82.27,82.35,81.7101,10/26/21
82.41,81.57,82.44,81.3,10/27/21
83.47,86.59,86.855,83.165,10/28/21
86.53,88.09,88.46,86.17,10/29/21
88.11,87.84,88.63,87.29,11/01/21
88.29,89.0,90.41,87.49,11/02/21
88.84,88.67,89.4198,88.21,11/03/21
90.48,90.56,91.4,89.27,11/04/21
82.25,81.605,83.95,81.35,11/05/21
80.59,82.69,82.88,79.881,11/08/21
83.49,82.72,83.7,81.91,11/09/21
83.33,84.02,84.02,82.7,11/10/21
83.91,84.02,84.26,83.53,11/11/21
83.87,84.02,84.195,83.0526,11/12/21
84.17,83.73,84.1799,83.4038,11/15/21
83.63,84.18,84.685,83.248,11/16/21
84.37,82.6,84.67,82.6,11/17/21
82.28,83.03,83.135,82.03,11/18/21
82.51,80.69,82.74,80.62,11/19/21
81.05,81.63,82.07,80.54,11/22/21
81.49,82.79,83.59,81.34,11/23/21
82.85,82.33,82.9,81.97,11/24/21
78.8,79.13,79.93,77.11,11/26/21
76.47,74.87,77.31,74.0,11/29/21
74.64,74.89,75.02,73.84,11/30/21
75.58,74.45,76.91,74.39,12/01/21
74.43,73.87,74.775,73.31,12/02/21
74.31,73.32,74.31,72.667,12/03/21
73.3,73.43,73.85,72.8,12/06/21
72.08,72.28,72.72,71.53,12/07/21
72.6,73.18,73.4076,72.0838,12/08/21
73.53,72.86,73.56,72.69,12/09/21
73.29,72.68,73.29,72.25,12/10/21
72.4,73.42,73.4499,71.97,12/13/21
72.27,73.73,74.04,72.16,12/14/21
73.74,75.25,75.385,73.71,12/15/21
75.48,75.92,76.5299,75.27,12/16/21
76.56,75.72,77.73,75.5,12/17/21
75.79,76.4,76.5,74.95,12/20/21
76.21,75.55,76.28,74.89,12/21/21
75.48,76.15,76.5597,75.14,12/22/21
76.25,75.75,76.3,75.35,12/23/21
76.0,76.57,76.605,75.77,12/27/21
76.65,76.83,77.13,76.212,12/28/21
76.78,76.94,77.175,76.47,12/29/21
77.1,77.15,77.6,76.97,12/30/21
77.16,76.635,77.54,76.63,12/31/21
76.7,76.89,76.94,75.35,01/03/22
76.38,77.03,77.27,75.8894,01/04/22
77.46,78.9,79.805,77.26,01/05/22
78.775,78.83,79.575,77.95,01/06/22
78.86,80.3,80.53,78.46,01/07/22
80.48,82.37,82.445,79.68,01/10/22
82.45,81.67,82.56,80.65,01/11/22
81.12,81.21,81.4199,80.67,01/12/22
80.9,81.35,81.7164,80.33,01/13/22
81.42,81.37,81.8521,80.765,01/14/22
81.21,81.55,82.16,80.81,01/18/22
81.01,81.32,81.98,80.4801,01/19/22
80.51,80.73,81.86,80.51,01/20/22
80.9,79.97,81.51,79.28,01/21/22
79.735,78.86,80.08,76.66,01/24/22
78.39,79.46,79.775,77.775,01/25/22
79.37,79.14,80.34,78.7442,01/26/22
78.42,80.52,81.595,78.42,01/27/22
79.99,80.94,80.97,79.19,01/28/22
81.03,81.48,81.72,80.8,01/31/22
81.77,81.89,82.115,81.075,02/01/22
81.9,81.97,82.295,81.26,02/02/22
81.82,79.05,81.82,78.405,02/03/22
78.82,78.57,79.55,78.2,02/04/22
78.74,77.58,78.92,77.45,02/07/22
77.37,76.92,77.37,75.82,02/08/22
77.41,76.53,77.41,76.41,02/09/22
76.22,76.55,76.77,75.93,02/10/22
76.37,76.64,77.89,76.18,02/11/22
76.56,76.47,76.7,75.11,02/14/22
77.52,77.81,78.19,77.32,02/15/22
77.17,77.23,77.795,76.9345,02/16/22
77.0,76.34,77.0,76.005,02/17/22
76.39,76.33,76.86,75.89,02/18/22
76.54,75.95,76.86,75.61,02/22/22
76.14,75.86,76.44,75.62,02/23/22
75.17,73.51,75.31,72.8764,02/24/22
74.15,76.3,77.29,74.15,02/25/22
75.48,76.57,76.76,74.78,02/28/22
76.12,76.34,77.76,75.95,03/01/22
76.34,76.69,77.22,76.0601,03/02/22
76.82,77.15,77.5302,76.405,03/03/22
76.68,77.84,77.85,76.02,03/04/22
77.04,77.76,78.285,76.08,03/07/22
77.32,76.95,78.09,76.564,03/08/22
77.38,77.76,78.225,77.05,03/09/22
77.45,77.88,78.18,77.335,03/10/22
78.33,78.25,79.62,78.2,03/11/22
77.65,77.77,78.6077,77.33,03/14/22
77.86,78.67,79.005,77.4,03/15/22
79.11,78.08,79.11,77.65,03/16/22
78.21,78.93,79.37,78.06,03/17/22
79.0,79.04,79.73,78.63,03/18/22
79.65,79.05,80.45,78.91,03/21/22
79.27,79.305,79.78,78.77,03/22/22
79.44,79.72,80.575,79.25,03/23/22
79.97,80.39,80.6694,79.725,03/24/22
80.58,81.34,81.38,80.46,03/25/22
81.47,81.2,81.665,80.73,03/28/22
81.59,81.57,81.72,80.74,03/29/22
81.8,82.41,82.7,81.665,03/30/22
82.83,82.05,83.375,81.95,03/31/22
82.29,83.52,83.58,81.65,04/01/22
83.48,83.48,83.89,82.74,04/04/22
83.62,83.75,85.425,83.51,04/05/22
84.58,84.7,85.555,84.12,04/06/22
85.96,86.82,87.11,84.97,04/07/22
86.66,87.75,87.8334,86.44,04/08/22
88.24,86.64,89.48,86.18,04/11/22
85.94,85.63,86.545,85.23,04/12/22
85.32,86.13,86.24,84.84,04/13/22
86.3,86.9,87.51,85.41,04/14/22
86.47,86.08,87.4502,85.68,04/18/22
85.89,85.8,86.09,85.12,04/19/22
85.53,86.48,86.82,85.495,04/20/22
86.42,86.26,87.22,85.39,04/21/22
85.65,84.64,86.13,84.5,04/22/22
84.6,85.45,85.81,83.53,04/25/22
85.19,84.49,86.19,84.39,04/26/22
84.12,84.43,85.13,83.6,04/27/22
85.59,88.61,89.365,85.46,04/28/22
88.68,88.71,90.01,88.09,04/29/22
88.63,87.65,88.79,86.755,05/02/22
87.02,87.07,88.24,86.45,05/03/22
86.58,88.55,88.77,86.38,05/04/22
88.2,88.05,88.66,87.03,05/05/22
87.72,88.425,88.92,87.4809,05/06/22
87.51,87.68,88.06,86.91,05/09/22
88.07,87.8,89.25,87.27,05/10/22
87.43,89.26,90.81,87.42,05/11/22
89.91,90.845,90.85,88.36,05/12/22
90.73,90.4,91.05,89.2771,05/13/22
90.85,92.34,92.87,90.68,05/16/22
92.28,93.1,94.555,91.52,05/17/22
92.74,92.05,93.14,91.77,05/18/22
91.17,92.075,92.61,90.89,05/19/22
92.5,93.25,94.08,92.47,05/20/22
93.6,93.975,94.92,93.4,05/23/22
94.25,94.8,94.8,93.565,05/24/22
94.34,93.895,94.755,93.14,05/25/22
94.06,92.32,94.24,91.0,05/26/22
92.18,93.02,93.11,91.76,05/27/22
91.83,92.21,92.57,90.87,05/31/22
91.34,91.125,91.93,90.04,06/01/22
91.1,90.06,91.1,88.74,06/02/22
89.69,89.89,90.67,89.68,06/03/22
90.18,89.8,90.655,89.6943,06/06/22
90.12,90.46,90.78,89.58,06/07/22
90.36,89.47,90.645,89.265,06/08/22
89.16,88.29,89.785,87.92,06/09/22
87.1,87.01,88.03,86.71,06/10/22
85.51,85.02,86.51,84.63,06/13/22
84.77,84.52,85.04,83.87,06/14/22
84.58,84.57,85.365,83.75,06/15/22
83.77,84.92,84.98,83.05,06/16/22
84.6,84.57,85.73,83.39,06/17/22
85.93,88.07,88.36,85.27,06/21/22
88.09,89.14,90.33,88.04,06/22/22
89.92,92.07,92.145,89.56,06/23/22
93.3,93.275,93.79,91.705,06/24/22
93.3,94.44,95.72,93.05,06/27/22
94.18,91.96,94.3291,91.48,06/28/22
92.09,92.5,92.97,91.8875,06/29/22
91.7,91.68,92.9,90.92,06/30/22
91.26,92.42,92.49,90.385,07/01/22
92.43,92.61,92.95,90.545,07/05/22
93.29,93.16,94.5099,92.855,07/06/22
93.06,92.93,93.92,92.55,07/07/22
92.91,92.77,93.815,92.41,07/08/22
92.71,94.3,94.78,92.71,07/11/22
93.78,93.54,94.24,93.14,07/12/22
93.79,93.735,94.3599,93.02,07/13/22
92.44,93.46,94.055,92.06,07/14/22
94.84,94.94,95.35,94.38,07/15/22
94.77,92.38,95.09,91.92,07/18/22
93.4,92.3,93.4,92.12,07/19/22
92.39,89.7,92.425,89.22,07/20/22
89.22,90.11,90.41,88.91,07/21/22
90.33,90.12,90.45,89.455,07/22/22
90.23,90.5,90.729,89.75,07/25/22
91.31,91.34,91.95,90.6,07/26/22
90.59,91.22,91.37,90.01,07/27/22
90.73,89.97,91.13,87.44,07/28/22
89.98,89.38,91.08,88.28,07/29/22
89.07,88.55,90.015,88.35,08/01/22
89.27,87.62,89.59,87.55,08/02/22
87.51,87.6,88.015,86.77,08/03/22
87.86,86.84,87.89,86.64,08/04/22
86.31,87.2,87.527,86.02,08/05/22
87.34,88.48,88.7798,86.92,08/08/22
88.94,89.53,90.2434,86.81,08/09/22
89.87,89.17,89.98,88.19,08/10/22
87.75,88.92,89.8165,87.36,08/11/22
88.97,91.005,91.03,88.95,08/12/22
90.79,90.59,90.84,89.8989,08/15/22
89.96,90.575,90.9,89.87,08/16/22
90.36,91.01,91.89,90.3,08/17/22
91.45,91.42,91.835,90.53,08/18/22
91.5,92.07,93.02,91.5,08/19/22
91.94,91.17,92.22,91.01,08/22/22
90.83,90.22,90.965,89.715,08/23/22
90.1,90.06,90.317,89.5431,08/24/22
90.42,90.33,90.505,89.07,08/25/22
90.25,89.26,90.74,89.09,08/26/22
88.91,87.58,88.99,87.56,08/29/22
87.5,86.89,87.5651,86.58,08/30/22
87.04,85.41,87.13,85.16,08/31/22
85.63,87.16,87.46,85.36,09/01/22
86.97,86.25,87.775,85.875,09/02/22
86.22,86.45,87.27,86.16,09/06/22
86.54,86.88,87.0,85.07,09/07/22
86.54,87.38,87.45,86.13,09/08/22
87.66,87.35,88.155,87.27,09/09/22
87.95,88.2,89.165,87.82,09/12/22
87.45,86.29,87.605,86.12,09/13/22
87.0,86.96,87.63,86.38,09/14/22
87.15,86.76,87.43,86.215,09/15/22
86.61,87.69,87.8702,86.4,09/16/22
87.0,86.65,87.0,85.64,09/19/22
86.09,86.02,86.44,85.59,09/20/22
86.25,84.52,86.49,84.52,09/21/22
84.66,87.51,88.15,84.66,09/22/22
87.205,86.8,88.0,86.09,09/23/22
86.55,86.35,86.7,85.3,09/26/22
86.82,85.87,87.63,85.68,09/27/22
86.97,86.79,87.24,86.205,09/28/22
87.12,86.7,87.42,86.24,09/29/22
87.2,86.19,87.61,86.1,09/30/22
86.79,87.56,87.9,86.02,10/03/22
87.31,88.38,88.65,87.0,10/04/22
88.5,88.395,88.78,88.03,10/05/22
87.74,87.43,88.01,87.23,10/06/22
87.86,87.65,88.3,87.115,10/07/22
90.08,90.49,91.5857,89.71,10/10/22
90.41,91.08,91.975,90.21,10/11/22
91.12,90.42,91.72,90.365,10/12/22
89.41,92.49,92.72,89.27,10/13/22
92.27,92.43,93.35,91.74,10/14/22
92.84,94.17,94.37,92.47,10/17/22
94.72,94.67,95.32,94.02,10/18/22
94.71,93.31,94.91,93.1,10/19/22
93.06,92.92,93.4,92.36,10/20/22
92.99,95.675,95.96,92.64,10/21/22
96.4,97.4,98.42,96.27,10/24/22
96.85,97.78,98.29,96.35,10/25/22
98.4,98.41,99.275,98.0,10/26/22
99.67,99.76,101.5,99.5,10/27/22
100.33,100.79,101.14,98.55,10/28/22
99.82,101.19,101.35,99.31,10/31/22
100.65,99.78,101.055,98.95,11/01/22
99.53,99.43,101.03,98.98,11/02/22
98.88,98.69,99.24,98.0,11/03/22
99.06,99.2,99.375,97.96,11/04/22
98.41,100.125,100.36,97.67,11/07/22
100.1,101.55,101.965,99.55,11/08/22
101.51,101.66,103.76,101.28,11/09/22
102.74,101.82,102.81,100.6,11/10/22
100.57,97.9,100.81,97.33,11/11/22
98.7,100.41,101.68,98.7,11/14/22
100.47,99.66,100.74,98.71,11/15/22
99.9,99.97,100.8,99.51,11/16/22
100.12,102.325,102.35,100.12,11/17/22
102.94,104.235,104.6,102.63,11/18/22
104.99,105.62,105.87,104.23,11/21/22
106.1,106.905,107.1,106.05,11/22/22
106.75,106.83,107.29,106.3003,11/23/22
106.96,107.46,107.5,106.675,11/25/22
107.13,108.43,108.895,107.13,11/28/22
108.05,108.83,109.06,107.55,11/29/22
108.75,110.09,110.29,107.63,11/30/22
109.75,109.83,110.98,108.7701,12/01/22
108.96,110.04,110.09,108.72,12/02/22
109.82,109.995,110.2137,109.21,12/05/22
110.43,108.93,110.76,108.42,12/06/22
109.14,110.08,110.71,109.105,12/07/22
110.47,110.86,111.02,110.12,12/08/22
110.98,108.79,111.36,108.745,12/09/22
107.96,108.98,109.09,107.32,12/12/22
111.23,110.9,111.24,109.02,12/13/22
110.5,111.565,112.17,110.04,12/14/22
110.21,109.7,110.76,109.23,12/15/22
109.22,109.175,109.7,108.275,12/16/22
109.01,109.45,110.0915,108.77,12/19/22
109.63,109.81,110.66,109.17,12/20/22
110.03,111.52,111.52,109.5379,12/21/22
110.9,111.32,111.685,110.205,12/22/22
111.32,111.87,112.13,110.88,12/23/22
112.275,112.115,112.59,111.53,12/27/22
112.695,111.07,112.725,111.06,12/28/22
111.3,110.83,111.7,110.75,12/29/22
111.25,110.935,111.42,110.12,12/30/22
110.52,111.12,111.2,109.49,01/03/23
112.32,112.09,112.61,111.24,01/04/23
111.9,113.61,113.91,111.4198,01/05/23
114.37,114.86,115.49,114.05,01/06/23
114.925,110.35,114.93,109.935,01/09/23
110.53,110.805,112.01,109.88,01/10/23
109.51,111.06,111.31,109.43,01/11/23
110.77,111.78,112.1,110.06,01/12/23
111.38,112.24,112.44,110.95,01/13/23
112.43,110.45,112.48,110.32,01/17/23
109.98,108.83,110.1014,108.58,01/18/23
108.32,109.86,110.18,108.1,01/19/23
108.98,109.96,109.99,108.66,01/20/23
109.98,109.86,110.36,109.17,01/23/23
109.44,108.51,110.0,107.12,01/24/23
108.31,108.595,109.93,108.31,01/25/23
108.595,106.875,108.595,105.82,01/26/23
106.53,105.41,106.68,105.1101,01/27/23
105.59,106.1,106.5,105.51,01/30/23
106.195,107.43,107.44,105.93,01/31/23
106.66,106.95,107.4262,106.09,02/01/23
104.22,103.43,105.81,101.75,02/02/23
103.19,102.93,103.79,102.48,02/03/23
103.43,104.0,104.62,102.84,02/06/23
103.28,105.7,105.93,103.28,02/07/23
105.77,106.65,107.5135,105.32,02/08/23
106.8,106.73,107.835,106.55,02/09/23
107.08,108.56,108.765,106.865,02/10/23
108.94,109.54,109.57,108.355,02/13/23
109.48,108.74,110.0,108.19,02/14/23
108.09,107.665,108.79,107.56,02/15/23
106.77,106.49,107.46,106.25,02/16/23
106.49,109.5,109.54,105.52,02/17/23
108.63,109.08,109.88,108.63,02/21/23
110.21,109.16,110.32,108.925,02/22/23
109.26,110.57,111.24,109.115,02/23/23
109.88,109.88,110.32,108.885,02/24/23
110.22,109.37,110.22,108.53,02/27/23
109.26,106.22,109.26,106.16,02/28/23
106.13,106.68,107.53,106.02,03/01/23
106.57,107.045,107.37,106.1,03/02/23
107.35,106.87,107.39,106.1295,03/03/23
107.72,111.09,111.24,107.46,03/06/23
111.605,111.29,112.17,110.715,03/07/23
111.22,108.27,111.25,107.59,03/08/23
109.41,107.64,109.9,107.115,03/09/23
107.37,107.69,110.7,107.34,03/10/23
104.1,105.72,108.84,104.1,03/13/23
106.14,106.93,107.1287,104.52,03/14/23
106.46,107.64,108.03,105.57,03/15/23
106.585,107.35,107.705,104.23,03/16/23
107.28,104.2,107.29,103.485,03/17/23
104.82,105.89,106.9,104.82,03/20/23
105.86,105.61,106.42,104.76,03/21/23
105.31,104.41,106.0012,104.4,03/22/23
104.09,104.19,104.63,103.46,03/23/23
104.26,104.83,105.0,102.44,03/24/23
106.07,106.95,107.61,106.07,03/27/23
106.65,105.51,107.03,105.435,03/28/23
106.02,104.94,106.02,104.53,03/29/23
105.05,105.93,106.2,104.57,03/30/23
106.27,106.36,106.53,105.52,03/31/23
105.765,108.85,109.48,105.58,04/03/23
108.63,108.82,109.34,108.155,04/04/23
109.9,111.905,112.32,109.58,04/05/23
113.66,112.32,114.165,111.645,04/06/23
113.04,112.64,113.09,111.174,04/10/23
112.85,112.51,113.31,112.32,04/11/23
112.47,113.78,114.308,111.875,04/12/23
114.97,115.635,115.815,113.65,04/13/23
115.8,115.335,116.1703,114.66,04/14/23
115.7,115.01,116.445,114.2,04/17/23
114.88,114.84,115.12,113.73,04/18/23
115.33,114.15,115.37,114.015,04/19/23
113.97,114.19,114.52,113.44,04/20/23
114.68,115.375,115.65,114.59,04/21/23
115.44,115.95,116.28,114.77,04/24/23
116.3,116.56,116.86,115.91,04/25/23
115.33,113.38,115.33,112.72,04/26/23
114.89,115.12,115.35,110.655,04/27/23
114.52,115.47,115.5281,113.46,04/28/23
115.8,116.34,116.6,115.28,05/01/23
116.39,117.85,118.35,115.81,05/02/23
118.12,118.22,119.65,117.93,05/03/23
117.9,117.38,118.0,116.505,05/04/23
117.38,117.71,117.88,116.56,05/05/23
116.85,118.39,118.44,116.4398,05/08/23
117.82,117.41,118.625,117.34,05/09/23
117.47,117.93,118.17,116.42,05/10/23
117.67,117.51,117.786,116.382,05/11/23
117.79,117.15,118.55,116.695,05/12/23
116.79,116.46,117.74,115.49,05/15/23
115.58,116.08,116.76,115.29,05/16/23
116.17,114.76,116.655,113.48,05/17/23
114.27,114.0,115.065,113.33,05/18/23
114.06,115.48,116.24,114.06,05/19/23
115.1,114.48,117.08,114.33,05/22/23
114.27,113.3,114.79,113.05,05/23/23
113.84,113.62,114.25,112.55,05/24/23
113.45,112.3,113.45,111.09,05/25/23
111.86,111.07,113.19,110.6501,05/26/23
110.43,109.18,110.71,108.97,05/30/23
108.6,110.45,111.15,108.6,05/31/23
110.79,110.96,111.59,109.88,06/01/23
110.97,112.51,112.73,110.74,06/02/23
113.0,113.09,114.48,112.6,06/05/23
113.57,110.0,113.71,109.28,06/06/23
109.46,108.6,109.674,106.87,06/07/23
108.09,110.34,111.07,108.005,06/08/23
110.24,110.75,111.505,109.02,06/09/23
110.67,109.89,110.99,108.62,06/12/23
108.94,109.99,110.64,108.05,06/13/23
109.92,108.66,109.92,108.35,06/14/23
108.25,109.395,109.9,108.25,06/15/23
109.83,109.34,110.455,109.06,06/16/23
109.1,110.24,110.86,109.025,06/20/23
110.0,111.17,111.52,109.54,06/21/23
111.87,113.72,113.84,111.6,06/22/23
114.12,114.62,114.89,113.02,06/23/23
114.43,113.065,114.6,111.78,06/26/23
112.57,113.32,113.71,111.87,06/27/23
113.32,112.45,113.57,111.435,06/28/23
112.4,113.53,113.88,111.805,06/29/23
113.61,115.36,115.61,113.61,06/30/23
114.98,114.3,114.98,113.53,07/03/23
113.8,113.69,114.43,113.4253,07/05/23
113.06,111.76,113.44,111.71,07/06/23
111.02,109.0,111.5,108.76,07/07/23
109.48,109.97,110.6,109.12,07/10/23
109.34,108.71,110.01,108.25,07/11/23
108.38,107.51,109.05,107.185,07/12/23
107.3,106.31,107.91,106.26,07/13/23
106.41,107.37,107.6778,106.26,07/14/23
107.47,105.57,107.47,105.29,07/17/23
105.87,105.96,107.025,105.345,07/18/23
106.26,105.95,107.37,105.91,07/19/23
106.67,108.46,108.95,106.06,07/20/23
109.09,110.37,110.615,108.38,07/21/23
110.05,108.8,110.34,108.5,07/24/23
107.94,107.52,108.7124,107.32,07/25/23
106.95,107.17,108.005,106.09,07/26/23
107.43,105.3,107.62,105.17,07/27/23
105.43,106.315,106.65,105.24,07/28/23
106.705,106.7,106.77,105.67,07/31/23
109.67,105.3,109.67,105.14,08/01/23
106.01,105.75,108.13,104.88,08/02/23
105.11,105.78,105.78,104.885,08/03/23
105.65,105.02,106.4,104.51,08/04/23
105.03,106.05,106.28,104.42,08/07/23
105.71,106.42,107.18,105.71,08/08/23
106.27,106.11,106.79,105.8,08/09/23
106.28,105.57,107.03,105.42,08/10/23
105.94,107.45,107.705,105.66,08/11/23
107.78,108.93,109.43,107.63,08/14/23
108.73,108.66,109.4164,108.42,08/15/23
108.57,108.76,109.47,108.28,08/16/23
108.75,108.9,110.28,108.48,08/17/23
109.47,109.27,109.5,108.22,08/18/23
109.02,109.66,110.0,108.945,08/21/23
109.23,107.24,109.6,107.2,08/22/23
109.96,111.34,111.89,109.82,08/23/23
110.74,109.44,112.02,109.09,08/24/23
110.13,110.23,110.33,108.98,08/25/23
109.95,108.94,110.61,108.65,08/28/23
109.43,109.99,110.52,108.93,08/29/23
110.14,110.23,110.795,109.72,08/30/23
